0.923292074591971,0.269130514432976,0.747457266409267,0.717306624944762,0.770555756869443,0.671838413214251,0.837791927027232,0.516407133333871,0.948977062707905,0.183994469216291,0
0.21788700521653,0.647566581062347,0.867251595783565,0.437479808498815,0.93514665748769,0.230460068613706,0.673923256475433,0.835052663256527,0.523410908809892,0.947917331525041,0
0.196664434081465,0.600352630905752,0.911731527987117,0.305813165673297,0.80670759882186,0.59253570553473,0.917461144164521,0.287759533828826,0.778825141173882,0.654574854467586,0
0.689812584882808,0.813090493956406,0.577502501857708,0.927174776382024,0.256582499607278,0.724842097909725,0.757894917828704,0.697262803160879,0.802132068658627,0.603121609734623,0
0.344250717238648,0.857820211493433,0.46346584573782,0.94492797117492,0.197748581771444,0.602847504679541,0.909805084968529,0.31182721086896,0.815445805436452,0.571876986563683,0
0.923363628563329,0.268900304436828,0.747053136700315,0.718066041056835,0.769299366603635,0.674415834358148,0.834400643555574,0.525069596440548,0.947611758270371,0.188646112660806,0
0.940312705590748,0.21327394092235,0.63759503477404,0.878056904341017,0.406877312904331,0.917047027562712,0.289072751844205,0.78093684474461,0.650083059206783,0.864405286288706,0
0.562468793742316,0.935171069271844,0.23037933378144,0.673757846121867,0.83527120146214,0.522854241586506,0.948015197837721,0.187273053524425,0.578367056402639,0.926662696988985,0
0.796529374890184,0.615867253343499,0.898984162490007,0.345084224712161,0.858804189754478,0.460786302975604,0.94415668666958,0.200354383209462,0.608807516485229,0.905011512554003,0
0.326669563855131,0.835834927642152,0.521416625227244,0.948257047022728,0.186449355218963,0.576406773998105,0.927815618571369,0.254500426724308,0.720973846181522,0.764448125354231,0
0.693787538186475,0.807296282165777,0.591162180874946,0.91841993575687,0.284714077972624,0.773877492751926,0.664966252062891,0.846587315585226,0.493533484166622,0.949841099857311,0
0.458029630378554,0.943306254680589,0.203222345332061,0.615307490021231,0.899475894431014,0.343592237120457,0.857039124501863,0.465587641584784,0.94550000043555,0.195813048525315,0
0.630970695774345,0.884817372023859,0.387279242716873,0.90171731733457,0.336768148423362,0.848750377997277,0.487818060617674,0.949436081340964,0.182427393397738,0.566761030236211,0
0.726039591134918,0.755843192310324,0.701268191604158,0.796066237183889,0.616910176159138,0.898061640699669,0.347878334773253,0.862064196080838,0.451856168082079,0.941192251503384,0
0.272651138529393,0.753587481714471,0.705634878647309,0.789314327398085,0.631929435856336,0.88385957102759,0.390076952975955,0.904084310185208,0.32952030699615,0.83955936223859,0
0.893583580683282,0.3613494670628,0.876948912921676,0.410056164779234,0.919258404721963,0.28204508226598,0.769483484575115,0.674038875856764,0.834899784823953,0.523800109674506,0
0.231028329142023,0.675086113048299,0.833510441467025,0.527328984643386,0.947161881073774,0.190175758035343,0.585233968545898,0.922393648302484,0.272017702320126,0.7524914733895,0
0.635107883139552,0.880634267671487,0.399446706241925,0.911578333434729,0.306292446698946,0.807414058417653,0.590887067411314,0.918610255714011,0.284108724481991,0.772885637189787,0
0.929511854603788,0.248974353668295,0.710547274558249,0.781545411669155,0.648782288438575,0.865882556458526,0.44129382854162,0.936903624644257,0.224637846536299,0.661867600871366,0
0.933727352156767,0.235146219166103,0.683439404156362,0.822129943010484,0.555682739301037,0.938217843666944,0.220267461669196,0.65264888659622,0.86145360619955,0.453534904148294,0
0.92814260651279,0.25343685225605,0.718985133863461,0.767772942357848,0.677531075095878,0.830234326026146,0.535592101673417,0.945186168734183,0.196875245637562,0.600838456512304,0
0.231110274182825,0.675253598329865,0.83328746983525,0.527893957313106,0.947043323152576,0.190578615453866,0.586181945785103,0.921776154438636,0.273998527078432,0.755908670101671,0
0.820125142441436,0.560575594072031,0.936056270130718,0.227448731262808,0.667720062457038,0.843105926467748,0.502657628246292,0.949973160645997,0.180591787853357,0.562317897250483,0
0.758016802855302,0.697023851888447,0.802490086790749,0.602299040094636,0.910232644303721,0.310494874680792,0.813533668415455,0.5764472273258,0.92779212144995,0.254576823136334,0
0.540277524474899,0.943835339884261,0.201438726065325,0.611272429684715,0.902950096289829,0.332998635620067,0.844020068321915,0.500270731848783,0.949999721476211,0.180500952551063,0
0.82789562474394,0.541440945240369,0.943474062618822,0.202656871980557,0.61403084403453,0.900588473113336,0.340209725793159,0.85297485942183,0.476553244741329,0.947910948737792,0
0.70801584088462,0.785571757776045,0.640105330410659,0.875407886283976,0.41446189188003,0.922196281825174,0.272651138529393,0.753587481714471,0.705634878647309,0.789314327398085,0
0.702254200448003,0.794554305924328,0.620303491273462,0.895002865952181,0.35709639638034,0.872398528275557,0.423013477325157,0.927477686240456,0.255598745512724,0.723018501859174,0
0.732725887569637,0.744186912768714,0.723416456203441,0.760323330970484,0.692480700739241,0.809214483403137,0.586668332364178,0.921456680627807,0.275022212145925,0.75766298089469,0
0.245165715451361,0.703226052190616,0.793056852501865,0.623647188566461,0.891903216486518,0.366365101848581,0.882138513185028,0.395086595614798,0.908174074805167,0.316896913696395,0
0.887585040070791,0.379155779510629,0.894507362622402,0.358582975179523,0.874004655345513,0.418457967563559,0.924733408395311,0.264485820813027,0.739225671327168,0.73253009707665,0
0.656001776963316,0.857521093220294,0.46427893802975,0.945151221780527,0.196993481039755,0.60111078797686,0.911151112507854,0.307628098197505,0.809373595308186,0.58629431839913,0
0.465587641584784,0.94550000043555,0.195813048525315,0.598387134499643,0.913215892706807,0.301159978855163,0.799758054766259,0.608551412690444,0.905223045051054,0.326018278286296,0
0.868449373339511,0.434131225285742,0.933512957167041,0.235852760679492,0.684859696645546,0.820142191713244,0.560534112923154,0.936075360455906,0.227385464012356,0.667588996119318,0
0.817319816760246,0.567370908786727,0.932752410467152,0.238356334692505,0.689861851136946,0.813019414434838,0.57767161551011,0.927075056547388,0.256906205085172,0.725440546120848,0
0.605501502424838,0.907703845347187,0.318354783058645,0.824619057616847,0.549565376241411,0.94066443921658,0.212096437637761,0.635023847360703,0.880720530446872,0.399197135245759,0
0.574296505098481,0.929024111454575,0.250565584804327,0.713573395560772,0.77666833789284,0.659127597068931,0.853777949834058,0.474396416402601,0.94750893472649,0.188995862691856,0
0.921776154438636,0.273998527078432,0.755908670101671,0.701140859753818,0.796260947242481,0.616471914328154,0.898450314056394,0.346701919467772,0.860698854319511,0.45560607867185,0
0.261518252191239,0.733880532655898,0.742139606489455,0.727199961682701,0.753844674163241,0.70513894931604,0.790088443599342,0.630225040582423,0.885557467460164,0.385112669285678,0
0.652318230006175,0.861836795869587,0.452481705988357,0.941419644590048,0.209565050005984,0.629460651323499,0.886311771083802,0.382900218983965,0.897893036886787,0.348388298548638,0
0.608782181053044,0.905032460924302,0.326605081270894,0.835749968203922,0.521633443634048,0.948221577642823,0.186570185874439,0.576694656145422,0.927648132931195,0.255044882721759,0
0.768316171416303,0.676424442194689,0.831722781545913,0.531847985573082,0.94614568209676,0.193625315316384,0.593311299823056,0.916913405036261,0.289496208264068,0.781614983926222,0
0.450579933396073,0.940719096664081,0.211913375775266,0.634623168382628,0.881131089631566,0.39800855156177,0.910471428892793,0.309750183038293,0.81245902715494,0.579003554127676,0
0.333969818352893,0.845249119372469,0.497051573175632,0.949966965761193,0.180612972949928,0.562369322418043,0.935218256960234,0.230223261472284,0.673437943127524,0.835693263558036,0
0.696208036184437,0.803709144839257,0.599490870295827,0.91238595356556,0.30376373614693,0.803667049246155,0.599588028168106,0.912312453653236,0.303994074137303,0.804010372701486,0
0.327454933192124,0.836867159697009,0.518777963527145,0.948660074725938,0.18507572191828,0.573126256483888,0.92967969232808,0.248426375603217,0.709500703729892,0.783215929519384,0
0.230022526783039,0.673026223030463,0.836235319346487,0.52039407809107,0.948419509999498,0.185895783596878,0.575086456703567,0.928575691274873,0.252026932023406,0.716335558721447,0
0.225085121134294,0.662802875637366,0.849281849999976,0.486408319190258,0.949298011608511,0.182898927705626,0.567898257809081,0.932481341028668,0.239247580715771,0.691631068182202,0
0.518107321788136,0.948754074611111,0.184755165975716,0.572358639559806,0.930104063668006,0.247039878781818,0.706842472878474,0.787421527371367,0.63607768929334,0.879634877411024,0
0.469576197947682,0.946482690620989,0.1924821865082,0.590644618663846,0.918777501807686,0.283576535122911,0.772011358632262,0.668837318945118,0.841677046979413,0.506375823156226,0
0.879402963672795,0.403002886393939,0.914247927817953,0.297914886334421,0.794814105972126,0.619721643095453,0.895533567063195,0.355502149839807,0.870657410936513,0.427929718127795,0
0.186476107597322,0.576470521792161,0.927778585327972,0.254620831352236,0.721198441656182,0.764070747753731,0.685013232686984,0.819926394176705,0.561058988774548,0.935832839581353,0
0.59467006129989,0.915942802075205,0.292568024526942,0.78649350709511,0.638101587490908,0.877526215823466,0.408401034190852,0.918116591958239,0.285678359011064,0.775451689974476,0
0.777983047709811,0.656356615706667,0.857099913154079,0.465422677696327,0.94545675337277,0.195959467323446,0.598725547061078,0.912962412158465,0.301955775348196,0.80095824331185,0
0.695251833482043,0.805131541783222,0.596200020394177,0.914833113089408,0.296071255481292,0.791969655204289,0.626064137671577,0.889609766133862,0.373176074505846,0.888879629304562,0
0.220711567199821,0.653592290955276,0.860355751004617,0.456546184328014,0.942824710433471,0.204843848152148,0.618954814900197,0.896229057645828,0.353409628732976,0.868342799596825,0
0.941200270836469,0.21030081985254,0.63108266308318,0.884705874668282,0.387605281983706,0.901996223975744,0.335916336455125,0.84769089515923,0.490621957408819,0.9496657988052,0
0.852319261199271,0.478310325114399,0.948212320412756,0.186601720154809,0.576769769122286,0.927604329685861,0.255187241488841,0.722253510426596,0.762292832991609,0.688569385092696,0
0.933315567407401,0.236502952361128,0.686163362365272,0.818304169548854,0.564993331461695,0.933948294088939,0.234417736617739,0.68197103323167,0.824168863645474,0.550675281802648,0
0.67154823404853,0.838170572900357,0.515434521772128,0.94909474704313,0.183592851077415,0.569568761220588,0.931608712356485,0.242112893788312,0.697278113709094,0.802109114235251,0
0.933544221602678,0.235749750076726,0.684652860578851,0.82043262010418,0.559827156698047,0.936398703021424,0.226313453604632,0.665363562424269,0.846088590444948,0.49484621274255,0
0.949976317718455,0.180580991271652,0.562291688079398,0.935255033265632,0.230101612864348,0.67318847036198,0.836021864187975,0.520939365793025,0.948333863248706,0.186187638845064,0
0.429182163715902,0.930942369443347,0.244296962030505,0.70154063421805,0.795649216484147,0.617847855010778,0.897225155663563,0.350406267690621,0.864962517964249,0.443848969828542,0
0.929832896744838,0.247925987328577,0.708543030115764,0.784737257442515,0.641913838051637,0.873469757763924,0.419977292135873,0.925666191659152,0.261471514457898,0.733795814022967,0
0.887135666466144,0.380478707849295,0.895715710745978,0.354954489821461,0.87005483991278,0.429625778737082,0.931180382130224,0.243517216650929,0.700023011012951,0.797965021248189,0
0.789750030300918,0.630970695774345,0.884817372023859,0.387279242716873,0.90171731733457,0.336768148423362,0.848750377997277,0.487818060617674,0.949436081340964,0.182427393397738,0
0.296926484042449,0.793292359043225,0.623122450082068,0.892395276685997,0.364898597971175,0.880640922445414,0.399427455007636,0.911563620136284,0.306338469005203,0.807481803368455,0
0.56299608428111,0.93491967478794,0.231210530632939,0.67545844039802,0.833014475633759,0.528585164269816,0.946894975857937,0.191082546101149,0.587366025371275,0.920995274921138,0
0.713144962093758,0.777363055509392,0.657664994666277,0.855538647936155,0.469650625330177,0.946499878737173,0.192423861493221,0.590508292280783,0.918871346307982,0.283277821920127,0
0.737379518313266,0.735873664284375,0.738581735088835,0.733699271591604,0.742461671738704,0.726606883403157,0.75486741749837,0.703161878091304,0.793155954903574,0.62342642719738,0
0.803667049246155,0.599588028168106,0.912312453653236,0.303994074137303,0.804010372701486,0.598795234501634,0.912910106231115,0.302119927854395,0.801205212781071,0.605246595215337,0
0.937206733857169,0.223631033105797,0.659756737723757,0.853015582057078,0.476443995534629,0.947891435683784,0.187694394996251,0.579367794516321,0.926062862135737,0.260187662533075,0
0.598103027674372,0.913428024652261,0.300493620042092,0.798749376553145,0.610845478034607,0.903310463997262,0.33189454459519,0.842614112279938,0.503939166253194,0.949941035283073,0
0.288947635099326,0.780736217225364,0.650511270084374,0.863916158794837,0.446747111598442,0.939223693532186,0.216913678751788,0.645476111944186,0.86957946324369,0.430961877324323,0
0.908256231437036,0.316642028072751,0.82224344569676,0.555404814480821,0.938335164822914,0.219876676462741,0.651817509719672,0.862415486221566,0.450889058317786,0.940834838546927,0
0.546698785438091,0.941713049066707,0.208580412679933,0.627283571679567,0.888435791045872,0.376647017691357,0.892179358671142,0.365542332402709,0.881300315372326,0.397518264088466,0
0.948793830381497,0.184619571683716,0.572033704653142,0.930282352496987,0.246456969092703,0.705720539617697,0.789180426401734,0.632223787747223,0.883564105824354,0.390938591548022,0
0.648629598197172,0.866055121651039,0.440813862069563,0.936688604092141,0.225351639613018,0.663359456919621,0.848592013772721,0.488237710148741,0.949474264442329,0.182296965295304,0
0.784660842711108,0.642079177582607,0.87329132773031,0.420483621637101,0.925973153173783,0.260478116545702,0.731991215916722,0.745484287802427,0.721002364880114,0.764400227926108,0
0.73372146790669,0.74242224667026,0.726679526413506,0.754742290758805,0.703404188136034,0.792781597745139,0.624259956882854,0.891325959838791,0.368083173993746,0.883872213862456,0
0.731728680596498,0.745946910638224,0.720138445160551,0.765848446856721,0.681433492554703,0.82491117356173,0.548844371320009,0.940934064083342,0.211193174297599,0.633044346225271,0
0.547706170466509,0.941351660937797,0.209793103272302,0.629963836948381,0.885815724125488,0.384355662666596,0.899180271522328,0.34448942114397,0.858102547482678,0.462697748848382,0
0.753167395641673,0.706443825179248,0.788047598772368,0.634708607197597,0.881043646358157,0.398261810366303,0.91066749492622,0.309138392721888,0.81157301809542,0.581104566700662,0
0.947849619322632,0.18783673019578,0.579705553343524,0.92585869411157,0.260848616068436,0.732665139141747,0.744294345506976,0.723217036462609,0.760661787604831,0.691810643434085,0
0.925645889835679,0.261537190570774,0.733914856372658,0.742078591879003,0.72731223034474,0.753650769755659,0.705512890608974,0.789504916815467,0.631510231930744,0.884279223810583,0
0.32952030699615,0.83955936223859,0.511857870161264,0.949465685477907,0.182326270795926,0.566516926739591,0.933186894137056,0.236926636041986,0.687011139668094,0.817101967832154,0
0.451856168082079,0.941192251503384,0.210327709410824,0.631141863446316,0.884646884276946,0.387777742780943,0.902143426941707,0.335466523836804,0.847129193842289,0.49210502657313,0
0.215847700589407,0.643178388810756,0.872099806114713,0.423858590299693,0.92796944576963,0.254000183253016,0.720039542609711,0.766013878814815,0.681099141856008,0.825371783112266,0
0.821814691908963,0.556454155471849,0.937889127653849,0.221361825153694,0.654970916569614,0.85873925706678,0.460963352668864,0.944209332627549,0.200176661465033,0.608402669545037,0
0.560575594072031,0.936056270130718,0.227448731262808,0.667720062457038,0.843105926467748,0.502657628246292,0.949973160645997,0.180591787853357,0.562317897250483,0.935242622792657,0
0.657495587351957,0.855741531865716,0.469102257522168,0.94637225213714,0.192856887583666,0.591519812281787,0.918171671047645,0.285503323426237,0.77516646780748,0.662276976978549,0
0.940321646343052,0.213244021494628,0.637529833407421,0.878125070707123,0.406681437430386,0.916908254343776,0.289512528348096,0.781641092254838,0.648577521583307,0.866113936304615,0
0.691490160852714,0.810659769527086,0.583263928870036,0.923655048966677,0.267962318043161,0.745402353777968,0.721155202088885,0.764143431038293,0.68486734178941,0.820131450570926,0
0.945958248215345,0.194260715225063,0.594789261032178,0.9158569847733,0.292839279217985,0.786920855907289,0.637170405292629,0.878500263665052,0.405602691540847,0.916138762991536,0
0.64740533641591,0.867432333825227,0.436975224227038,0.934905935027318,0.231255945176454,0.675551205388596,0.832890742289122,0.52889826405315,0.946826583271915,0.191314817029876,0
0.78229915407878,0.64716731290434,0.867698771647561,0.436230930649724,0.934547322017959,0.232440774722677,0.677965831682195,0.829647018463926,0.537064804227807,0.944779561092706,0
0.695815836748288,0.804293400698558,0.598140999906966,0.913399707721591,0.300582590291672,0.798884247479839,0.610539185111959,0.903568136508179,0.3311044849422,0.84160235897477,0
0.946122374835958,0.193704341348755,0.59349528406732,0.91678280105725,0.289909967622917,0.782276277524026,0.64721639195928,0.867643868966268,0.436384345323752,0.934621584224427,0
0.840006832292231,0.51070234517949,0.949564747269104,0.181987844448893,0.565699421902606,0.933597626654321,0.235573773007012,0.68429932781736,0.820928279511063,0.558619149758262,0
0.638527012391982,0.877079013983456,0.409683385410405,0.919003054690483,0.282858472608168,0.77082831691138,0.671277686484007,0.838523025628208,0.51452821225419,0.949197937985049,0
0.02650306674246,0.93944842178369,0.21666433075588,0.93749660438121,0.60852578638485,0.76424381488076,0.11557803081014,0.20276315655744,0.78797710295567,0.64064278712161,1
0.86314566423195,0.1809015288644,0.65510887619388,0.33691629692616,0.35263967271339,0.83676365305339,0.21799372747235,0.56491622058047,0.37873047221553,0.21415339164264,1
0.46339533756596,0.92967878302589,0.91778849734748,0.17991242417193,0.86076620797619,0.7609979375641,0.60321834773138,0.52328255320904,0.78286241909606,0.48208348296449,1
0.36075360455906,0.27385464012356,0.67588996119318,0.43272927842933,0.02222048638534,0.49981237499422,0.80564166414257,0.6225084324125,0.35274363559863,0.30037668024713,1
0.40934064083342,0.11193174297599,0.33044346225271,0.82736967362463,0.93347172493903,0.06775662662828,0.21227529007825,0.28553533738337,0.39799786778596,0.43980712495038,1
0.47920583552631,0.87595173153508,0.79132251819451,0.26204729543535,0.59728208355944,0.3062397133259,0.47887818617782,0.16496191647487,0.71891716208111,0.6908459969815,1
0.77694513825303,0.07918046059818,0.17779472282521,0.86749187649485,0.77191545921013,0.58026418105692,0.55105074486603,0.70821467080684,0.4676473022337,0.9152484814807,1
0.10812945877183,0.08684349298901,0.10913622827897,0.82664332732122,0.24033110757021,0.66744499730551,0.43249112057386,0.25153504036514,0.57362418556302,0.98305424956433,1
0.93066896977143,0.17086500210774,0.88947635099326,0.80736217225364,0.50511270084374,0.63916158794837,0.46747111598442,0.39223693532186,0.16913678751788,0.45476111944186,1
0.72776150646562,0.36563926717475,0.19553948283554,0.48547043804792,0.85461088077131,0.74048036968235,0.29164175240373,0.50108820622952,0.12706714184282,0.78072244215519,1
0.11903702012087,0.79367920079576,0.53423547875564,0.60552616837643,0.56006879867806,0.4264550044793,0.05446851546166,0.20306082396548,0.95000496845901,0.57103508467667,1
0.59827156698047,0.36398703021424,0.26313453604632,0.65363562424269,0.46088590444948,0.9484621274255,0.49899066212239,0.80845154841151,0.62932702284198,0.34950004936192,1
0.73687761889784,0.89371830313635,0.73880395481197,0.89556612352879,0.73333453934165,0.89031227209456,0.74887876172437,0.90518434591155,0.70482338529,0.86255666394917,1
0.03849597479194,0.09017992192956,0.14276271837283,0.18925447829896,0.63488923160701,0.34682795216399,0.31993296662861,0.77055146472163,0.30875605409339,0.33981068231013,1
0.86311771083802,0.82900218983965,0.97893036886787,0.48388298548638,0.62652789535488,0.5023522612009,0.4058917566659,0.12348477484652,0.35575086059488,0.80153704951857,1
0.33135239863093,0.7937615922887,0.27731935301136,0.41848758618334,0.43344989327997,0.03091837663481,0.15013063924215,0.99733581481705,0.42809642576075,0.56106527825167,1
0.05811715974052,0.07454746897981,0.19126391075148,0.25682002859099,0.46938685452006,0.41627687270543,0.08866946177072,0.27917870892597,0.87820669563958,0.78461487384061,1
0.92568024526942,0.8649350709511,0.38101587490908,0.77526215823466,0.08401034190852,0.18116591958239,0.85678359011064,0.75451689974476,0.6168019266278,0.50666158142,1
0.8280650593055,0.67675491816052,0.32596105668331,0.38870315570258,0.90882894056569,0.11542138875037,0.81177683679635,0.24958697955155,0.63758399122586,0.37921642856531,1
0.35009267608952,0.30914360958428,0.74853091674038,0.33820306061716,0.26543212391277,0.47322739928616,0.89628992102472,0.83945382335356,0.2322205658137,0.69355745127535,1
0.47177146663248,0.90123878108041,0.85111798508559,0.22472730667626,0.7176380900051,0.52051316248568,0.08586509113984,0.84668339219439,0.42062959254976,0.73308839309332,1
0.20012862464062,0.79638942386031,0.65475816291561,0.82185845664452,0.23871607030208,0.51407292206748,0.39957703170286,0.14461433800281,0.40177363407913,0.75331165794422,1
0.45666857427555,0.59488868194111,0.58917463849165,0.43586455848978,0.02278013511902,0.13174151294007,0.01328123619749,0.37955801329036,0.50218375172924,0.83918940826701,1
0.42707256864024,0.05239081935738,0.19840804491271,0.95425089999763,0.55828193154981,0.71015062421962,0.26921729132905,0.29706352042887,0.48339313853179,0.09334216382823,1
0.49389332383143,0.82587066172885,0.67146311869201,0.32867216648983,0.37978696452137,0.89110378650899,0.14101605808752,0.75092688667781,0.28572134812846,0.52038515995447,1
0.49777158265561,0.12076412002499,0.79089662794156,0.54014048461488,0.59862756930709,0.57895425462072,0.43263378251324,0.0336679450465,0.15633217310703,0.99190044406628,1
0.94326594474515,0.89254110986288,0.32061825254622,0.83726762379587,0.90464332967984,0.04407363061835,0.28527801865218,0.38269684013939,0.15179759333018,0.49124384645048,1
0.5950817636566,0.58864710279702,0.43569974170583,0.02333576454372,0.13299861115508,0.01219937590585,0.38285734383267,0.50624285924955,0.82837918454539,0.48880759236702,1
0.33958174449158,0.42001575911986,0.27453901573238,0.53405946104625,0.05984620619516,0.88767277059289,0.33131146859102,0.82649171396725,0.93602524191719,0.0698239313818,1
0.60187662533075,0.31462162634869,0.4641601561988,0.19260759534888,0.67313933447099,0.78464391743152,0.28971751343038,0.38754829909518,0.44292640003,0.99895390148826,1
0.21798927991908,0.56492709784384,0.37872580216626,0.21416893278851,0.55087520068453,0.58601872252265,0.61337849425247,0.44319904829153,0.99803324255927,0.0755143231439,1
0.60072873132651,0.3125290041408,0.46783964990287,0.18571163569957,0.68461256531566,0.76128504217672,0.32119250007773,0.30847854342243,0.46383957553423,0.92817177267987,1
0.26037122756727,0.46059219421157,0.41938483563992,0.07823431631605,0.25604841006581,0.90049010879704,0.71874722624705,0.87618870530514,0.79056122592865,0.94415798367366,1
0.33215590411494,0.36832158452798,0.8682221126647,0.17370353234524,0.67249023773615,0.32814761445684,0.3815125264392,0.89453887330597,0.13607453386237,0.76271387686277,1
0.35408633255646,0.22503985202802,0.4807556846997,0.8706748277319,0.77878310715951,0.26952881136113,0.57302701700374,0.26172481312637,0.55614833048162,0.01712017077889,1
0.6873665098609,0.41806181933194,0.06040429170559,0.49861350218655,0.80974109201905,0.63245427801831,0.34800060276221,0.31605848818419,0.76265402523771,0.31935929917905,1
0.33538388198272,0.80193195856896,0.26615566234138,0.44624633195503,0.42432840026234,0.06162091852019,0.21905278193831,0.93528591964242,0.61513939765236,0.77122122258482,1
0.31496021205309,0.76041330811396,0.3223590941538,0.30553341880755,0.46452674539687,0.92584035706169,0.90882614609717,0.18613331374466,0.84098939423172,0.72869581758843,1
0.90615014667614,0.83400126085954,0.44800600430968,0.70324587236358,0.2886686033524,0.30772290477448,0.4485388827589,0.02621754353858,0.93988813717746,0.21568194153563,1
0.91150477934086,0.04976769874884,0.2677650027448,0.35975752742802,0.21057115561849,0.48315071960017,0.86251665763242,0.75935534501906,0.28088419479657,0.53613159408155,1
0.91631068182202,0.10454628087923,0.837481108154,0.23347764952436,0.68951345657153,0.47142773440166,0.17897708237951,0.69578237229666,0.73844781246154,0.35156369727212,1
0.98723212717607,0.11023446959476,0.08026958988293,0.09956135793926,0.8492333675805,0.2259450212074,0.71372769753831,0.51372440441868,0.09885205507938,0.82603161933784,1
0.61294875102756,0.35723165487323,0.28552227619286,0.70001206104283,0.40178441707738,0.10258785629721,0.49600077806133,0.81867126139533,0.65407603363265,0.3374301260464,1
0.2552330047182,0.56729115588329,0.99542612595091,0.98694433883157,0.10970213635437,0.03205324405681,0.32216772209456,0.43025396194308,0.02867594749804,0.49968752221333,1
0.99649919644979,0.43063778565495,0.56409885127068,0.67293576378099,0.45935101444686,0.94339164138167,0.94971522996933,0.15725557314643,0.93254591782632,0.87574077487929,1
0.15725557314643,0.93254591782632,0.87574077487929,0.35744369836473,0.79979171019256,0.01340152447772,0.1301169102769,0.01801103682902,0.00725350495,0.06344201564706,1
0.33040502101405,0.28519291048167,0.46909270144818,0.91033996182779,0.87252032243825,0.21070914903426,0.76257281565089,0.59768944599953,0.93576362601421,0.07607128999612,1
0.04453675500606,0.08539832762774,0.15761779175426,0.21013856352103,0.58410395313815,0.37035257733279,0.24200697292424,0.60952029578856,0.51558887862899,0.80344123785486,1
0.64576946463458,0.39388746281416,0.32233506984485,0.45056873288011,0.21799089646354,0.63059622561785,0.87038612915075,0.17062917659458,0.67990203732033,0.32433862346611,1
0.00632296024469,0.09440115702392,0.04486872085179,0.28283407180843,0.37950964652203,0.15998752864453,0.49027351645772,0.8382286240114,0.70121667107208,0.31315216848002,1
0.2117267384605,0.58022831583399,0.37206733857169,0.23631033105797,0.59756737723757,0.53015582057078,0.76443995534629,0.47891435683784,0.87694394996251,0.79367794516321,1
0.36204913804347,0.79503241531092,0.02713700736096,0.1403442870703,0.98586869011924,0.95844452529204,0.17409027649243,0.97617456860545,0.4922136039906,0.63610046992342,1
0.43724708176237,0.00427304242451,0.97349803713595,0.14015758079649,0.00601546256187,0.40169924321178,0.52926518252308,0.76682916314352,0.47933991711907,0.87549528462342,1
0.31365630013276,0.32747913134438,0.45924781904289,0.94374137757727,0.95052762848935,0.1566689464418,0.93439924248084,0.87865153400378,0.35107883139552,0.80634267671487,1
0.86974381101362,0.49355266358768,0.82703409463435,0.67426919808711,0.32723719843417,0.38450692682529,0.90049447398654,0.12748588665172,0.78315617094184,0.26693323652797,1
0.97196025474752,0.1436318527964,0.0030003504024,0.41087551397774,0.5403796798113,0.73697045465611,0.47370987414495,0.89464958555163,0.83558354532443,0.23468405273756,1
0.20602214939487,0.65071718502411,0.83000539390679,0.22741049814338,0.54185216106008,0.38843056951072,0.18183731190185,0.48202444409634,0.66536934789835,0.39472566652515,1
0.27199961682701,0.53844674163241,0.0513894931604,0.90088443599342,0.30225040582423,0.85557467460164,0.85112669285678,0.99843424717084,0.42475895699952,0.55707394944977,1
0.21103857273801,0.94268651862946,0.59298474601065,0.74771706851569,0.16275437425534,0.23362750962514,0.68903128170319,0.47058096156037,0.18056729070267,0.6931479904727,1
0.79888027420095,0.52318230006175,0.61836795869587,0.52481705988357,0.41419644590048,0.09565050005984,0.29460651323499,0.86311771083802,0.82900218983965,0.97893036886787,1
0.58458184600943,0.61729373591866,0.4443436478645,0.99416762508086,0.06668925887742,0.0676261294983,0.21267871483662,0.28608339696873,0.39662924510325,0.44022039193295,1
0.10400031493982,0.19493013446138,0.81297324345538,0.68242730714001,0.76574182192565,0.31521921095502,0.32354220165961,0.4602217686232,0.9404402743859,0.94285582845207,1
0.29908960989994,0.47677483989915,0.08066722074494,0.85491308827666,0.40279907818692,0.75221880357041,0.1499245390504,0.2254012500627,0.71547402486806,0.51675760620003,1
0.36768901578068,0.25085121134294,0.62802875637366,0.49281849999976,0.86408319190258,0.49298011608511,0.82898927705626,0.67898257809081,0.32481341028668,0.39247580715771,1
0.21763361410904,0.29280462524948,0.37982632597554,0.44517814559645,0.99134867648645,0.06024654113766,0.07283336336214,0.19657078982801,0.2641043718814,0.4513366067966,1
0.44626588040093,0.70515970121149,0.28328080363698,0.3047991655546,0.45810757481136,0.04473750153207,0.91123844893479,0.27938246350863,0.8780085945853,0.78519874932257,1
0.96771504599762,0.02867704914674,0.01430382614928,0.10905134433839,0.08396487884453,0.10494757750952,0.83653420554875,0.23407999871983,0.68757529448746,0.46802295290739,1
0.08835485708488,0.8427341165382,0.42916784221452,0.72384212593636,0.23053993201867,0.27501385743722,0.5552174771135,0.22875459799971,0.61240811792016,0.90662305366144,1
0.03221493373911,0.15305568418196,0.99477578388676,0.43587124585933,0.57033047137873,0.65604132355492,0.4550431229813,0.95798449350327,0.98353383012871,0.13241125789709,1
0.11065532154308,0.07895487443843,0.09764253771133,0.8537520692533,0.22302081361337,0.72311617895954,0.53000402488399,0.06765026094691,0.87543251139435,0.35811739151822,1
0.28385021819849,0.51793070871719,0.0908094795176,0.83883597373655,0.43758391940332,0.71467394037574,0.25645505634348,0.28991354836987,0.5067238640548,0.13775816177194,1
0.36222171624169,0.45014226274751,0.97456885969722,0.02177123780876,0.10327374428297,0.10199494020164,0.13107918133233,0.77461040088636,0.2719919161987,0.56503232581453,1
0.3983472849906,0.14872564103401,0.41068912136317,0.74378335708969,0.17395274656774,0.24070545533687,0.66623855160892,0.43035185076136,0.25548815497032,0.56685380945966,1
0.20999486595253,0.76485842688827,0.60157401629609,0.92808880233855,0.08733995671274,0.87796615684029,0.20708666242838,0.77416028963055,0.61734228182213,0.89681736431873,1
0.49058010245871,0.83718233049273,0.69870206799199,0.31448985966981,0.42636735530643,0.98303770386368,0.00567335672092,0.06705251562524,0.06733159298118,0.21358921084013,1
0.4242224667026,0.26679526413506,0.54742290758805,0.03404188136034,0.92781597745139,0.24259956882854,0.91325959838791,0.68083173993746,0.83872213862456,0.9004006901248,1
0.57987618533552,0.37222257167868,0.23579451780732,0.59648385984205,0.53147092840025,0.76091097110827,0.47827784578017,0.87911046367792,0.79881843078863,0.25751786356031,1
0.15998752864453,0.49027351645772,0.8382286240114,0.70121667107208,0.31315216848002,0.43075298118372,0.99160850739539,0.99272831024272,0.09655935920726,0.04307187725929,1
0.29187731647335,0.38214661864952,0.4445063055048,0.99361820612467,0.06543403359288,0.06864312162356,0.20953439656881,0.28180851071332,0.40729850162366,0.43696101361854,1
0.19611180635447,0.51252017906338,0.63066742901191,0.49093652756658,0.40152466479293,0.13810063758341,0.38762217497182,0.76831178582006,0.10393398824286,0.19488496697799,1
0.22560375720288,0.54628255257709,0.38659864164494,0.18794589570513,0.49509365151698,0.65058408981358,0.43582960521598,0.37905047094671,0.21308844970253,0.54858712411105,1
0.44903652568892,0.97830811737263,0.03036370325627,0.09657324282457,0.12287331314604,0.16103025257026,0.70299734208753,0.31220200006679,0.43386728603559,0.99768589984223,1
0.4550000043555,0.95813048525315,0.98387134499643,0.13215892706807,0.01159978855163,0.99758054766259,0.08551412690444,0.05223045051054,0.26018278286296,0.34975369936234,1
0.38843056951072,0.18183731190185,0.48202444409634,0.66536934789835,0.39472566652515,0.3607843328699,0.27375280083464,0.67567895943635,0.43299800946288,0.02151937346908,1
0.47142773440166,0.17897708237951,0.69578237229666,0.73844781246154,0.35156369727212,0.2314678975885,0.47964059270666,0.8744716608664,0.78780758848365,0.26415649734048,1
0.26921729132905,0.29706352042887,0.48339313853179,0.09334216382823,0.8348090623528,0.44626588040093,0.70515970121149,0.28328080363698,0.3047991655546,0.45810757481136,1
0.14749388800586,0.19592401990926,0.61870647040747,0.35453687532085,0.29444326855895,0.71838585372253,0.37791702193599,0.16407710530774,0.48976990733526,0.83994714809096,1
0.3948868494754,0.32051645171972,0.45377729097329,0.21201126239544,0.64066234651358,0.85022290124805,0.19913658196495,0.61089954937478,0.358184661418,0.28236605365273,1
0.18841395339416,0.63692625548454,0.34584347912829,0.32318489286889,0.77717113524917,0.29983184729413,0.36222171624169,0.45014226274751,0.97456885969722,0.02177123780876,1
0.2502786457378,0.6353499447624,0.37520344418063,0.35619526752594,0.39037066728958,0.3287286677254,0.43926866100327,0.23898799178998,0.5950344535957,0.94100255016748,1
0.70489155648516,0.8626237654239,0.83045230577735,0.98022011255662,0.47998218512791,0.62202742013916,0.51474859974882,0.41052180985062,0.10797299863616,0.32174833288534,1
0.03930621871746,0.08954018181938,0.14475121848819,0.1920597443056,0.62808674373779,0.35009267608952,0.30914360958428,0.74853091674038,0.33820306061716,0.26543212391277,1
0.49211688376892,0.65396313796526,0.42645028682861,0.37499547607799,0.22657754203291,0.57708859046464,0.55486079957398,0.69792658434785,0.46532562759137,0.92312947503878,1
0.2136455203383,0.28739631573718,0.39334967604549,0.44120489229486,0.00476565976936,0.09085707389919,0.04781172084316,0.2737837035898,0.36766737324298,0.190350256014,1
0.34505971476883,0.41026407498396,0.29243829375985,0.5029961343353,0.11930393357097,0.79324931811723,0.5351481337983,0.60446167877233,0.56298528237947,0.42742689190156,1
0.38408262840736,0.34013700795198,0.41902833792515,0.27635472211973,0.53091948805162,0.0658896871002,0.87819792427856,0.35207114929786,0.80532337074982,0.99741533672959,1
0.88034908200314,0.80175569693971,0.25573136492139,0.61772520885724,0.34341139140457,0.41320075924141,0.28705559632674,0.512363145738,0.10145194109624,0.82188190091988,1
0.37456155168826,0.22802026758651,0.58012877797376,0.55121335710728,0.70777580307508,0.467549907118,0.91557917441578,0.8848123048669,0.20250073035933,0.78881529230513,1
0.74837908091751,0.90470912846774,0.70623371638307,0.86394414528289,0.82657554401095,0.97676851751298,0.4904186200847,0.63404234181695,0.481619777995,0.39788713926494,1
0.49180103186594,0.65432127890301,0.42545567641153,0.37456155168826,0.22802026758651,0.58012877797376,0.55121335710728,0.70777580307508,0.467549907118,0.91557917441578,1
0.8271181860519,0.33025442998,0.0887826126185,0.9346500417926,0.9488356212654,0.4446739444634,0.8406772819896,0.8111904666485,0.5585291706647,0.9076974993191,2
0.886686033524,0.0772290477448,0.485388827589,0.2621754353858,0.3988813717746,0.1568194153563,0.3840461846918,0.0580824326384,0.613671512706,0.2380451827015,2
0.2646566040037,0.8704405796303,0.0553527309,0.2019542274373,0.0046459907785,0.5651744173679,0.1518252191239,0.3880532655898,0.2139606489455,0.7199961682701,2
0.8635139770919,0.3610908159085,0.3251456241246,0.6714067526391,0.6585967493708,0.770557159086,0.6440045164475,0.3225737514462,0.6798749349192,0.6755386292232,2
0.3291490734649,0.2222852599727,0.7866339086125,0.7424713185468,0.7433301830587,0.7847866386693,0.8967594372622,0.4272908901818,0.9559504400091,0.8724458623132,2
0.7417580063553,0.7381256086882,0.043248010794,0.2091840070141,0.7460714608837,0.7257011163634,0.8868343149653,0.4365399968724,0.1424237199766,0.061459769364,2
0.5815724125488,0.4355662666596,0.9180271522328,0.448942114397,0.8102547482678,0.2697748848382,0.4712459824282,0.8477146692738,0.45190819471,0.8487893733954,2
0.6601205897234,0.9373019636756,0.317217701524,0.7362385323346,0.7268242251129,0.2804937620885,0.8183566689731,0.951818994502,0.3514851583861,0.6492063778128,2
0.407679831127,0.3993866037781,0.1114799439001,0.5350231811848,0.7759461307912,0.1332328651196,0.9857947611788,0.0106839856633,0.5674398845578,0.4769980685388,2
0.9025484597501,0.0218286332673,0.3837331559978,0.0278556626362,0.0539600304842,0.932456637203,0.96695993555,0.1629555378764,0.4832987968371,0.4027397950154,2
0.8569237968798,0.5385427242749,0.3867148313335,0.9265848720212,0.9777158265561,0.2076412002499,0.9089662794156,0.4014048461488,0.9862756930709,0.7895425462072,2
0.4052438140759,0.9817815950973,0.8018329432233,0.330264947809,0.3234491669682,0.5334885648702,0.9451883779123,0.3665131672178,0.7125753990706,0.5352544178965,2
0.8419456928152,0.8710749704594,0.4902919778256,0.2712554135781,0.9908960989994,0.7677483989915,0.8066722074494,0.5491308827666,0.0279907818692,0.5221880357041,2
0.426033217953,0.0961256241252,0.4399823056445,0.890536237757,0.4350752289942,0.7473754187827,0.4119791258165,0.6465130119896,0.2753565290315,0.6068684847595,2
0.2821187959889,0.9770985156024,0.0412775057654,0.2939032750862,0.6864804111559,0.8818496502917,0.4686877487624,0.5478552972375,0.4034773675929,0.8797637072042,2
0.3479872909685,0.8962924523495,0.404271113258,0.0649768123889,0.1032719003355,0.4001021564584,0.0965187552089,0.6529374890184,0.5867253343499,0.8984162490007,2
0.3191775050993,0.6998113638811,0.9227778242358,0.118526803432,0.9552411153777,0.5009490008748,0.3718674373504,0.7963167065752,0.1115404316198,0.4448852703073,2
0.6811816539475,0.2591449588645,0.3770374266305,0.711801314262,0.0168708824261,0.7110685513453,0.3394677807092,0.2844227364471,0.4778163101866,0.8807454670268,2
0.5510887619388,0.3691629692616,0.5263967271339,0.3676365305339,0.1799372747235,0.6491622058047,0.7873047221553,0.1415339164264,0.5084229638744,0.8605750525958,2
0.2975182085052,0.9068542092508,0.6974381101362,0.9355266358768,0.2703409463435,0.7426919808711,0.2723719843417,0.8450692682529,0.0049447398654,0.2748588665172,2
0.8824044431568,0.4516513132342,0.1786644152532,0.0417375341007,0.6015355417323,0.4868841201603,0.0509280037907,0.9296561205056,0.6473117190079,0.2426412819657,2
0.9789845620799,0.1218560150387,0.3837895708149,0.4513947671911,0.2550991258573,0.8189905348267,0.9343759001508,0.7824215945675,0.4563449014761,0.898069124038,2
0.9614948538385,0.9681950106007,0.1541456534285,0.9493820168055,0.2230161396767,0.6284852761486,0.3304009518675,0.6541014273152,0.6239578791166,0.8196313308418,2
0.4887754039077,0.0518318460331,0.0482683198279,0.6256005664234,0.3063932735583,0.8038633456381,0.7947935849472,0.2144645192742,0.1634772641247,0.1111058173637,2
0.4307187725929,0.8835652221972,0.8670510988944,0.4148682948653,0.923929612911,0.3099408291003,0.8381256903053,0.2231214076563,0.0069474796022,0.32572638553,2
0.4569641227696,0.9630040839964,0.0819805052857,0.1813582382886,0.1440714264702,0.59589638882,0.408032099308,0.8633601862032,0.3031367818144,0.1739338953438,2
0.8487893733954,0.5923034556632,0.1239549014012,0.7859578167242,0.7278623014373,0.3392142247685,0.9254753512765,0.3624109237636,0.4809959590376,0.7588755083814,2
0.2080728165195,0.3021863863847,0.42275177214,0.4399803086218,0.1238737893598,0.7683990690548,0.8047834381077,0.7791737282194,0.3247533989284,0.2354232643118,2
0.9513096252114,0.7400253713711,0.468463988417,0.8571169994127,0.4734509676904,0.8316593434406,0.6454726199264,0.1982303368569,0.6044106006389,0.806442109139,2
0.2693942993623,0.740409151085,0.2735416100868,0.8412226677633,0.9972980023335,0.2859014072004,0.8053101792796,0.6849310541989,0.7638731141349,0.6791858357454,2
0.9641132510063,0.0788645995376,0.1797196212017,0.1494489105076,0.6064623180426,0.3922921441047,0.8997259726409,0.2758261753315,0.2596345946651,0.1920829992266,2
0.5433485877986,0.7509106207147,0.3869501985396,0.9105734240169,0.663767714231,0.5623136298536,0.9198903339462,0.443289517577,0.8035728407107,0.2879585299171,2
0.9818565887574,0.1120379574816,0.3599993174464,0.4629155299191,0.2170489982865,0.7415943543129,0.0389615311465,0.52022679585,0.5291041256196,0.6520376592496,2
0.1778124646669,0.8197710490122,0.6651486783368,0.688829520672,0.7535122228776,0.5412133191137,0.2671746557582,0.1585714482985,0.997707311802,0.285310442014,2
0.2429544717946,0.0521577142842,0.8862207471976,0.3306914376473,0.1567605243228,0.9753935973342,0.0497684641922,0.9433041663263,0.9661867354921,0.1655979178165,2
0.9614788874574,0.5929300764531,0.2973211141425,0.1220084479667,0.577983363758,0.8956204586353,0.5178399603677,0.524049084696,0.5947322440526,0.5017623002676,2
0.6798749349192,0.6755386292232,0.7465217625189,0.7020175273127,0.2931525204166,0.7767119040699,0.8688881346383,0.4706723013752,0.3646778261793,0.9389377796302,2
0.8183325945313,0.2333929439534,0.9732019130414,0.2590196909462,0.9054261006624,0.7044762263868,0.1208195577222,0.5817892718607,0.9021054544521,0.5050754550048,2
0.2649171396725,0.3602524191719,0.698239313818,0.0588260366976,0.7683425191038,0.1969576849264,0.3306507552556,0.3221493373911,0.5305568418196,0.9477578388676,2
0.2415486221566,0.0889058317786,0.0834838546927,0.1525651468558,0.3773690909568,0.1997478557639,0.5496120227303,0.8499968627324,0.5885547399606,0.1187099705898,2
0.9233864540438,0.537116396244,0.2714867669981,0.7529971732942,0.255659057441,0.7495587351957,0.5741531865716,0.9102257522168,0.637225213714,0.2856887583666,2
0.9353097215077,0.9288335783339,0.3701729507497,0.1889345881813,0.2294144024661,0.2082095827521,0.5653955216803,0.7363434743654,0.1486847971746,0.9724599721667,2
0.2233506984485,0.5056873288011,0.1799089646354,0.3059622561785,0.7038612915075,0.7062917659458,0.7990203732033,0.2433862346611,0.9403627844771,0.1940217114227,2
0.9408336047036,0.93122275466,0.1191434820939,0.0513075861438,0.0987174228869,0.3370918229848,0.8253987982229,0.9824930912976,0.4905314560104,0.1139877268922,2
0.4974793842603,0.1028329142023,0.5086113048299,0.3510441467025,0.7328984643386,0.7161881073774,0.0175758035343,0.5233968545898,0.2393648302484,0.2017702320126,2
0.8241516831838,0.6583012140688,0.3149453483238,0.0781553640694,0.1403698093918,0.6838589339664,0.8216943840494,0.9008799012578,0.9894248053686,0.0017517715432,2
0.154059429796,0.5649277630095,0.7847717619852,0.7225278716808,0.0405896203746,0.4962095615703,0.3850141302419,0.8019334799318,0.0928436899459,0.4052438140759,2
0.0588737738568,0.7799432012417,0.2382248826783,0.839111090228,0.5133399465418,0.2625574057203,0.9956998772874,0.7520520983647,0.7765628167398,0.5967086258385,2
0.1400728403345,0.9628508466987,0.9600708238595,0.6173894411407,0.3304948445484,0.8252606782218,0.7300472526439,0.1394846375534,0.3696307050176,0.1852678472992,2
0.3306550367325,0.9083944781238,0.7375546680381,0.7460287837414,0.0301888211942,0.2360179070424,0.7109480949083,0.8157351846111,0.8747180180959,0.4778679462624,2
0.9243603398281,0.6137715017733,0.9945261789968,0.1020146119069,0.7192829931071,0.7803678356541,0.973391923857,0.3525728686362,0.5577521638695,0.2073362489158,2
0.5708733847706,0.0583428821637,0.5103213531301,0.2937087466434,0.2829283711333,0.3968763598025,0.8932015711662,0.788700521653,0.7566581062347,0.7251595783565,2
0.7074271148976,0.0861688127736,0.5479502941187,0.2413985133479,0.7398633388813,0.2993254936475,0.8415600119383,0.46370910275,0.20836279367,0.7038569449129,2
0.7698771647561,0.6230930649724,0.4547322017959,0.2440774722677,0.7965831682195,0.9647018463926,0.7064804227807,0.4779561092706,0.8250339729883,0.3999141602102,2
0.6541000953701,0.8638543120577,0.8629659105561,0.1368220113645,0.9893268084213,0.2590300849129,0.6542343090795,0.8396298389547,0.4279835864943,0.3587268099032,2
0.658264479528,0.9146630254817,0.1831225392734,0.1382812548077,0.5845171346936,0.4249741668339,0.8241959840046,0.332436584179,0.0819280685632,0.9242756002962,2
0.3531685773176,0.83594623553,0.6102113014762,0.9848249884743,0.6333638685939,0.0452293036369,0.6260485764082,0.5505562630144,0.2131126324913,0.7176255111722,2
0.9124375225504,0.2346963471755,0.3440268787262,0.1299529034939,0.5099988925501,0.6397196095724,0.5475852610979,0.2332618796759,0.8104765723179,0.6968051957464,2
0.3875282366446,0.465850953546,0.2456795064614,0.3496168152048,0.2330870925579,0.9593623803048,0.5678294464476,0.2812437493209,0.2497509249543,0.2733301290969,2
0.6265402523771,0.1935929917905,0.1310446032235,0.6274692683197,0.3187814947969,0.2291875793673,0.7632396717444,0.7216088605765,0.7947426796727,0.6431866160897,2
0.5363562424269,0.6088590444948,0.484621274255,0.9899066212239,0.0845154841151,0.2932702284198,0.4950004936192,0.1110274182825,0.5253598329865,0.328746983525,2
0.4230259876994,0.010600959655,0.8241659175603,0.5478224231868,0.523215676033,0.3933563683546,0.6255825173307,0.7380400248981,0.9432954397634,0.3482818706108,2
0.5783266951308,0.8841395339416,0.3692625548454,0.4584347912829,0.2318489286889,0.7717113524917,0.9983184729413,0.6222171624169,0.5014226274751,0.7456885969722,2
0.3283040211637,0.9566329716676,0.8658464164977,0.1051862773945,0.313643834286,0.2427845904887,0.329437805331,0.2166085988566,0.9982170671662,0.0560975094953,2
0.3175906915664,0.2475128267924,0.9976720212218,0.057961481481,0.228834660695,0.5256615132495,0.0096380136932,0.3177736742287,0.6035991687913,0.0903286703219,2
0.1745750377466,0.066164866448,0.9156639201451,0.1599484228636,0.1041893428102,0.5042403736435,0.3488029098623,0.7435932957316,0.5771875414618,0.8764166501201,2
0.2828713108536,0.0620341609722,0.0062894803686,0.2380484841122,0.859921270287,0.5053418989096,0.8642061587209,0.1228312309811,0.4287673687887,0.9912159434221,2
0.7776508447417,0.1360920284125,0.489006375692,0.8192683195263,0.6839186866236,0.2518042822278,0.4732025805532,0.8616740334646,0.8938349373197,0.981652447836,2
0.877951589764,0.457671863432,0.3957654754403,0.9215008152268,0.9943011752024,0.2391709987736,0.8581093808245,0.5091781855887,0.859684896291,0.1351539672713,2
0.0138394312176,0.1306301444577,0.3104522469959,0.9217911773526,0.9186449788663,0.9852379398852,0.4143328013561,0.9339047604068,0.9324389443791,0.2464043168674,2
0.9926082394247,0.4415713166954,0.5364514388677,0.8656862105657,0.8804597844951,0.9530754066069,0.5034103636045,0.3650392093991,0.7933942417588,0.1212675898637,2
0.6375823156226,0.9845525740506,0.1028211290742,0.3376592428942,0.4736948621964,0.1814384910883,0.6690608265233,0.1365630013276,0.2747913134438,0.5924781904289,2
0.324812777668,0.9611904753402,0.8647722917784,0.9923724661223,0.2541713332564,0.6646684862977,0.8280049311055,0.4605260061898,0.3749406356026,0.5073519446021,2
0.0918996224286,0.9546946981525,0.2048661346442,0.584639574396,0.3524158236613,0.5815856055897,0.4785604736382,0.0246265072396,0.0280852887287,0.6191631345689,2
0.9587792349953,0.3848193098932,0.3284025953368,0.9156406816292,0.7502694846932,0.7221180965324,0.0696842452114,0.154823404853,0.8170572900357,0.5434521772128,2
0.854004136368,0.3774864931613,0.2327387599583,0.6854261432813,0.4441147465137,0.3986869411173,0.187955700975,0.626403195921,0.9418098086934,0.3743470552949,2
0.6188919606993,0.9779418256051,0.0717474005075,0.7723899317127,0.6804904887048,0.1383406224289,0.013397793919,0.0006832292231,0.070234517949,0.9564747269104,2
0.0823513201474,0.1490160852714,0.0659769527086,0.3263928870036,0.3655048966677,0.7962318043161,0.5402353777968,0.1155202088885,0.4143431038293,0.486734178941,2
0.3428024652261,0.0493620042092,0.8749376553145,0.0845478034607,0.3310463997262,0.189454459519,0.2614112279938,0.3939166253194,0.9941035283073,0.0701646119906,2
0.5354443436138,0.73261224904,0.4004978347738,0.8679536032498,0.5986268994057,0.7090088554515,0.7901662416724,0.8362214774828,0.2622731949618,0.0318066238903,2
0.5074588306351,0.7252721206942,0.1707523696914,0.0691202569078,0.9064397302985,0.1465663366365,0.1358734066251,0.4846874286321,0.4119506954743,0.8569493402761,2
0.5587924082449,0.8011111942913,0.2946566156516,0.4782763553545,0.8239514333551,0.3974315303326,0.8919498677377,0.4582405685482,0.9357199730744,0.2441720124523,2
0.9404028550804,0.8569237968798,0.5385427242749,0.3867148313335,0.9265848720212,0.9777158265561,0.2076412002499,0.9089662794156,0.4014048461488,0.9862756930709,2
0.5377946580815,0.2608193727729,0.1693249924056,0.9763243187905,0.316166383227,0.7333134762056,0.727442781792,0.6258940664902,0.4243124777976,0.8917079761274,2
0.6934934059561,0.6546695535174,0.1935180527836,0.9513096252114,0.7400253713711,0.468463988417,0.8571169994127,0.4734509676904,0.8316593434406,0.6454726199264,2
0.7321560637079,0.8482335518759,0.659398744378,0.8466765531901,0.8314447260038,0.1915550054904,0.8846511434034,0.4255911714969,0.2954591289349,0.2343142351322,2
0.3951048416216,0.0451169914866,0.999922649369,0.0502645389307,0.2101473507722,0.5344946555045,0.9804154534143,0.2577979353365,0.6823995960776,0.8888463831058,2
0.1166607671899,0.3562354429086,0.0110988949376,0.783124998647,0.2926876819688,0.1540577868654,0.7307624434648,0.9418525545029,0.6045437222564,0.9260026675224,2
0.3344237873213,0.3006800805019,0.2503442431714,0.4575981181166,0.0309273482433,0.0386454712403,0.2293138061896,0.4054599566882,0.4100520186599,0.8586919764512,2
0.2442205379472,0.5779956061317,0.994245342155,0.1446181934451,0.309115078987,0.1551664328583,0.034938066313,0.7202948234042,0.6328605981731,0.2608843051584,2
0.2389913177494,0.9548059332965,0.2226189090546,0.9586550465358,0.5793437529649,0.2030047092016,0.3184429535741,0.4507848580896,0.385786904075,0.2079483074625,2
0.6494679857135,0.8449373339511,0.4131225285742,0.3512957167041,0.5852760679492,0.4859696645546,0.0142191713244,0.0534112923154,0.6075360455906,0.7385464012356,2
0.0974109201905,0.3245427801831,0.4800060276221,0.1605848818419,0.6265402523771,0.1935929917905,0.1310446032235,0.6274692683197,0.3187814947969,0.2291875793673,2
0.3479430678332,0.5963216079399,0.508139160009,0.9830538236822,0.129202188235,0.5724494603579,0.8547826249332,0.9992125990941,0.0190172984104,0.0228455579172,2
0.5423946384944,0.2254970200589,0.5213743061573,0.9763081284864,0.1551926440593,0.6258080374271,0.955643983144,0.6820884968464,0.9465138309654,0.7610603699688,2
0.3175947624901,0.9652066618951,0.8516586270245,0.967315195155,0.2941243532668,0.5788160291112,0.9234086811946,0.1931518717364,0.2393391052326,0.9536630422227,2
0.5446997884628,0.5381508260285,0.4341169862561,0.92768932287,0.2011740367015,0.3777021540033,0.0317751403872,0.4285256503009,0.8903039222326,0.8758154048044,2
0.1241489551473,0.6283074455294,0.9350096575298,0.9502279368973,0.1553389442908,0.9931620977826,0.2225492791562,0.1944117508591,0.2186532043524,0.1312714671505,2
0.5652653437703,0.1515310761482,0.3875201395468,0.2149082654471,0.7182522724473,0.3874785200468,0.5080855069782,0.0179002958619,0.0025355719379,0.5754946106186,2
0.180645043353,0.6915082395338,0.1341985994988,0.6023020513925,0.0903164124679,0.6728743160196,0.5218418611319,0.3081313612236,0.8937043571928,0.7323170568473,2
0.042287539384,0.897352908017,0.020532663648,0.422078811769,0.927496013742,0.539201291859,0.160383123025,0.709432120241,0.325110643165,0.772108890192,3
0.836982242151,0.483280204562,0.937704073944,0.977545880736,0.409740809897,0.042458687412,0.49259964595,0.791892087752,0.236234609559,0.625711460926,3
0.041940043245,0.688088866909,0.565796950576,0.548892920618,0.916032791079,0.283523638665,0.924342936003,0.745676124545,0.644318948489,0.853756206712,3
0.928484713851,0.323229984901,0.258974695217,0.245849326195,0.548253016965,0.152256144347,0.482001251225,0.768971161631,0.087154001308,0.321089183219,3
0.05904291844,0.116038443933,0.77938915791,0.378454080896,0.861040286823,0.66966290491,0.615095050501,0.661891530655,0.406302748289,0.639135082861,3
0.681737343451,0.491844382418,0.747246427053,0.702976376197,0.442244682549,0.32442856331,0.863748350715,0.211121938046,0.887968222464,0.026501760872,3
0.891780615346,0.730207868617,0.616481461909,0.44186231986,0.156038562168,0.424011281264,0.057715574472,0.661050354395,0.438576727131,0.663289890229,3
0.242064084584,0.182441446338,0.794946985175,0.423848557478,0.96363964691,0.145455690048,0.333662666509,0.861187650995,0.265226921113,0.55008543369,3
0.571452961986,0.599002049024,0.754658298388,0.566774036088,0.05666679717,0.131550820277,0.131767453504,0.73820846407,0.375565052564,0.16058665508,3
0.053709945998,0.135713255789,0.721638370168,0.330444903236,0.754062813132,0.717930537127,0.523867752642,0.835255458517,0.894354631313,0.040814095554,3
0.118744454391,0.647993981058,0.771569968296,0.749058814896,0.28488554588,0.157932188887,0.360527881372,0.080606876585,0.6157505224,0.086902943683,3
0.003534048373,0.38192372537,0.020374804103,0.846751550905,0.100775390913,0.354903697462,0.998839361244,0.405308359977,0.927274577067,0.258456010422,3
0.727109671329,0.000549317568,0.086260109196,0.513350478478,0.322705952752,0.553919079611,0.95238484483,0.32221823892,0.895852623716,0.542661129204,3
0.804604309097,0.421616542249,0.652927493789,0.130090244978,0.033737930343,0.878793116849,0.759943585715,0.231462533388,0.972990297314,0.864678857893,3
0.387781702732,0.146804281429,0.960580655837,0.888745981284,0.730935735052,0.341007848771,0.941684220784,0.677186619637,0.69862692213,0.079914059619,3
0.977089597468,0.064960753723,0.815245955211,0.355953347796,0.152135557516,0.163252690124,0.084747306854,0.747763172977,0.730958442203,0.301152305621,3
0.4114111194,0.177638889348,0.116594488994,0.400813694866,0.615892120687,0.962262178145,0.991978895233,0.235713252204,0.579556769771,0.948737457695,3
0.480852647581,0.606839802302,0.623975247464,0.594524461712,0.047479324615,0.855145726593,0.711748954374,0.617045221767,0.941581033752,0.023524395957,3
0.360934823348,0.511331242443,0.512091189852,0.444451886259,0.274746827304,0.191831123467,0.121385438277,0.273851874942,0.656697024454,0.694961603598,3
0.853911368872,0.037623335959,0.589718091202,0.412523622064,0.921956552153,0.42013876158,0.764293872491,0.565246062102,0.823215244691,0.02124127748,3
0.099048906986,0.105239841339,0.82478510898,0.155605342428,0.290815376287,0.718814167792,0.057367899279,0.491928962995,0.752461774323,0.799599521594,3
0.837111638789,0.15182337338,0.337539366965,0.704862312695,0.519444781573,0.563221784398,0.811422714625,0.460392699264,0.038794567951,0.700287904282,3
0.799041591569,0.181680745142,0.956837549261,0.937923623773,0.247019017791,0.802366034164,0.584169258952,0.07903622039,0.600085774561,0.934783375994,3
0.565969518403,0.46248603837,0.652270194727,0.892393631646,0.90350380592,0.301778710685,0.691617756736,0.47401415316,0.433995903231,0.445144996892,3
0.144174533382,0.875301763114,0.764629093387,0.891483146063,0.61559612474,0.222636591359,0.664250278773,0.483014507369,0.903673552312,0.781120022482,3
0.886593483166,0.072819339603,0.563396854575,0.727187553986,0.866098192662,0.694030652545,0.938002317254,0.98508630448,0.82685338256,0.034091974528,3
0.173998426867,0.147302396275,0.296721241243,0.975435705211,0.051382799973,0.221909791752,0.130177091019,0.277860772758,0.485822137243,0.236155189046,3
0.456944168596,0.955542452019,0.428082752365,0.346056071903,0.94481460785,0.131865644353,0.012965530999,0.630218818673,0.563625200952,0.616968454507,3
0.28939493263,0.452921272695,0.577655054297,0.084831660094,0.013948250845,0.264049144787,0.443336912165,0.799319012612,0.550889018114,0.159169774493,3
0.091283401028,0.212818554093,0.601905081706,0.538346425475,0.412296282503,0.770620161384,0.705967359492,0.794297930794,0.877166135406,0.433683951031,3
0.469245015788,0.405697595255,0.206814545379,0.360698954975,0.261831648783,0.448178618588,0.795268828498,0.702011886191,0.926551782707,0.603591344025,3
0.246411803524,0.633501110589,0.274323191714,0.465917167007,0.585769881651,0.045404125979,0.701847027716,0.179554128422,0.79488487674,0.563055986133,3
0.160841175636,0.890909052912,0.322426935484,0.177665681907,0.182232042179,0.28939493263,0.452921272695,0.577655054297,0.084831660094,0.013948250845,3
0.123374236735,0.981530891213,0.886403068933,0.632139612805,0.64866636543,0.013584801368,0.92096725121,0.588978953048,0.914434475031,0.327450441962,3
0.538382156053,0.401878367548,0.414151930827,0.994414273218,0.107200465604,0.692397957485,0.335498631281,0.169338820387,0.520100328369,0.464711837942,3
0.670480209039,0.558693638872,0.90921567266,0.66162634781,0.732310035684,0.921779817895,0.986783822551,0.557738390019,0.331857608453,0.56691742645,3
0.282172866371,0.6950914489,0.369440951175,0.226472125663,0.693507450593,0.708492946991,0.816626009031,0.042287539384,0.897352908017,0.020532663648,3
0.96512532389,0.902045689646,0.765201060875,0.739909780943,0.284528629951,0.573937018986,0.226605449163,0.970594376013,0.455546406754,0.490736580573,3
0.999934571056,0.248613719602,0.858764505101,0.894513542611,0.564445846771,0.217584769081,0.918221910878,0.343646393906,0.103489473329,0.561728508527,3
0.752064448113,0.561353190457,0.695986878839,0.038744627199,0.5252280364,0.581475481721,0.774634337658,0.388726200776,0.948938103776,0.127400116436,3
0.72818463366,0.140737253516,0.535060157338,0.328984396252,0.863920443887,0.735259980138,0.680418632778,0.306644396765,0.931720650991,0.745662130047,3
0.150124374595,0.830777640348,0.227380054075,0.57778731863,0.006705629348,0.31052275558,0.573820618613,0.291961816857,0.536434547327,0.955590292091,3
0.572577776433,0.983372198558,0.135007112581,0.764730107457,0.68828678206,0.282733265662,0.621631370383,0.782077007263,0.643735499488,0.492403510353,3
0.702964555201,0.460479461829,0.064882838163,0.557610804673,0.387781702732,0.146804281429,0.960580655837,0.888745981284,0.730935735052,0.341007848771,3
0.54732776093,0.488315572341,0.48120177107,0.657181038562,0.11766024297,0.501978738114,0.98512146281,0.697232020126,0.178214900665,0.526529414664,3
0.742789751917,0.00191818351,0.275115511683,0.822474274724,0.839300136675,0.52658555884,0.314190632427,0.804539904063,0.570697966535,0.006830605701,3
0.836812150637,0.91878569646,0.550453673949,0.326821783182,0.035359835004,0.616164875462,0.721742493812,0.155012464534,0.737681417762,0.328665872453,3
0.220915540206,0.025084345666,0.929460820333,0.140934435845,0.073298424596,0.117909081429,0.224813793164,0.235695955414,0.544813658831,0.368596732279,3
0.660980645188,0.52388112445,0.832829201014,0.053947219053,0.940283115901,0.372955839525,0.667168898969,0.80732502647,0.095046799812,0.849041498491,3
0.229156264602,0.245949783501,0.742252487883,0.992182035088,0.476008479212,0.81274633506,0.320973644845,0.20834380768,0.759328829317,0.444521483282,3
0.686362172198,0.022734939843,0.428636942674,0.647793386527,0.997036615747,0.227489905723,0.805344365134,0.706310987475,0.255950498943,0.671395928552,3
0.330444903236,0.754062813132,0.717930537127,0.523867752642,0.835255458517,0.894354631313,0.040814095554,0.763559600814,0.038079911307,0.193360315034,3
0.614606867529,0.088010477723,0.005607429083,0.188746123901,0.859893530724,0.81125686345,0.852826830018,0.950266473908,0.588389402934,0.31179110609,3
0.85551627578,0.711075090972,0.699762690415,0.360496569011,0.04741242073,0.625035743982,0.591038362097,0.505663181443,0.878127828586,0.673511945579,3
0.725229665284,0.232071929018,0.215285363485,0.962787865699,0.144087174705,0.639031004017,0.547443703695,0.446560922864,0.14820713244,0.718757668867,3
0.269885568134,0.779923338554,0.243113224574,0.234901522681,0.946629827961,0.982827747005,0.133993543888,0.949241520472,0.091813879221,0.859545052888,3
0.98472874736,0.14455763466,0.910754701723,0.866185047307,0.452342289327,0.369221930953,0.008967294085,0.770150542814,0.671000025744,0.884166543095,3
0.029189461114,0.682258600722,0.770849358863,0.234374253307,0.883258236388,0.829872114888,0.500673713409,0.998275218922,0.542863591285,0.018307660179,3
0.243383332471,0.761966595981,0.219309842484,0.609534799844,0.408084967912,0.896182129795,0.550936118172,0.140945089159,0.102369803654,0.182862424598,3
0.482665062151,0.858099733131,0.705408299725,0.668235535521,0.447857434257,0.6683807834,0.262064770089,0.869940195358,0.948157062242,0.789940737956,3
0.400766089314,0.579997685859,0.681406977378,0.947732522596,0.235235197325,0.61847720498,0.659977220483,0.747697920828,0.853812066446,0.304682221403,3
0.38369028295,0.593788935046,0.573815519161,0.29482269777,0.028643668553,0.728193458338,0.125433172625,0.858828954862,0.71876838005,0.133504383135,3
0.035359835004,0.616164875462,0.721742493812,0.155012464534,0.737681417762,0.328665872453,0.449543603292,0.325777718731,0.657067495816,0.253246680745,3
0.885605542986,0.971787830194,0.181724467182,0.062603795789,0.001330058875,0.047501309878,0.930754663922,0.91159413589,0.243015743664,0.044549582645,3
0.248391275363,0.433588808861,0.240304027697,0.720407484478,0.398054987105,0.507414514185,0.791094921722,0.002236881118,0.481134427283,0.647542631026,3
0.955156383223,0.764133883159,0.886508715921,0.321847564979,0.394497605136,0.70312977625,0.205517202375,0.463551231223,0.951651567635,0.841273520819,3
0.760862116911,0.413632650705,0.654587707871,0.190034185723,0.900537122466,0.366051401295,0.819537038874,0.005106993016,0.307464225671,0.133907293423,3
0.004145818325,0.688795958581,0.553126889229,0.274627835228,0.988071914733,0.78606298568,0.038279250608,0.893008407382,0.068688562843,0.08768787474,3
0.630820021234,0.967263768476,0.325368544507,0.114648059106,0.714750267063,0.752826626207,0.099048906986,0.105239841339,0.82478510898,0.155605342428,3
0.517537904778,0.831203204792,0.156861114932,0.571681106301,0.474912197966,0.608288318591,0.439832215589,0.243383332471,0.761966595981,0.219309842484,3
0.522967450362,0.995485650702,0.077085803979,0.345614654863,0.427627786332,0.096598217415,0.614606867529,0.088010477723,0.005607429083,0.188746123901,3
0.914776320306,0.250295630975,0.061366741341,0.88328471311,0.752749045503,0.248095989825,0.868604699463,0.696187028407,0.740469562358,0.262680401537,3
0.167794977263,0.631326899575,0.462332702468,0.608463847216,0.295256618996,0.704562153193,0.986436827966,0.841007113829,0.113763608459,0.121509427672,3
0.830777640348,0.227380054075,0.57778731863,0.006705629348,0.31052275558,0.573820618613,0.291961816857,0.536434547327,0.955590292091,0.262445859262,3
0.780867201153,0.231738202625,0.535310662711,0.261996975858,0.747329897198,0.546103417701,0.923004529891,0.055237228437,0.307092720075,0.589769137363,3
0.029910639794,0.260775000232,0.531318046802,0.272883789129,0.989261686478,0.367408149872,0.193724862609,0.543052821271,0.956527406308,0.014363700823,3
0.141035979215,0.350360771091,0.910784451776,0.773309880546,0.146494944539,0.129867901358,0.408472308501,0.166190417683,0.57041846273,0.156712405626,3
0.521173554109,0.296386304294,0.457559099589,0.155325894754,0.559092456903,0.730709841235,0.73728279782,0.04812066311,0.059246589045,0.798436779825,3
0.925549603669,0.848632305197,0.130959937498,0.475842620376,0.782399836867,0.951262122469,0.177487934138,0.746676019015,0.773578243063,0.588790705736,3
0.056919169625,0.981635465962,0.503656124755,0.949204456748,0.21835294339,0.564754911109,0.065845651609,0.738006738108,0.740611937722,0.002402617525,3
0.625570497972,0.081790148443,0.381976230554,0.067481413878,0.125156104299,0.069804651652,0.741456587023,0.455123016177,0.347014027211,0.062110093253,3
0.561406178476,0.6712687309,0.534682900433,0.428966386707,0.826057973654,0.00755170326,0.479765143917,0.444092277341,0.12244087892,0.306618339332,3
0.300900765034,0.366079616623,0.848257481398,0.123561271223,0.516757211674,0.932944256268,0.725229665284,0.232071929018,0.215285363485,0.962787865699,3
0.864109690695,0.211705939567,0.168831932404,0.245301817978,0.489577083815,0.587178709162,0.11951614162,0.881727346619,0.280084804228,0.221765340539,3
0.426660722589,0.561131477563,0.799181313665,0.864057904003,0.355001625181,0.106790939425,0.469211790559,0.397927405785,0.408504938836,0.188884373864,3
0.995522607672,0.937912086577,0.285416833157,0.025445128991,0.231162726199,0.360776817935,0.344241187644,0.808931019104,0.334176654383,0.509948583863,3
0.962787865699,0.144087174705,0.639031004017,0.547443703695,0.446560922864,0.14820713244,0.718757668867,0.151312785129,0.985459504919,0.450462518438,3
0.267817137462,0.146249705909,0.470771836018,0.753714834917,0.38937366355,0.494891997875,0.900851594306,0.408397500884,0.114132191672,0.202931085354,3
0.538698229144,0.30929883225,0.805645551388,0.007028283557,0.519769791521,0.514790304221,0.168738223991,0.00941587038,0.443404706951,0.828496657852,3
0.856749475047,0.373285804022,0.985347643066,0.863128407059,0.923487949814,0.500234176873,0.99979161253,0.791707369717,0.6458797206,0.132607047131,3
0.895813711676,0.65972146722,0.058401054544,0.963411214165,0.950177027258,0.89444769077,0.761873135615,0.405351204038,0.958100607186,0.546568044109,3
0.658187854527,0.91109018455,0.818468633258,0.59537259697,0.435457439352,0.170179886997,0.631033623016,0.754720629343,0.446123751003,0.96992921725,3
0.704844481719,0.547205575242,0.532207931073,0.058066868788,0.841408641197,0.072530920869,0.6267082702,0.99105419911,0.689939438458,0.907436929387,3
0.551170685937,0.0499314228,0.265448105237,0.944552919729,0.016265929601,0.805126713818,0.211216355587,0.095225534275,0.399001208755,0.237127834786,3
0.473922317051,0.415826917643,0.076590384782,0.752331415592,0.049655480282,0.321291527863,0.640471548545,0.017427387605,0.069960311807,0.250292999696,3
0.892325339198,0.107147248062,0.533518120013,0.730835397017,0.517074039215,0.892213302562,0.441156114954,0.842109332234,0.252578233945,0.373384792455,3
0.983372198558,0.135007112581,0.764730107457,0.68828678206,0.282733265662,0.621631370383,0.782077007263,0.643735499488,0.492403510353,0.780714711163,3
0.405422379191,0.009279840014,0.936153416595,0.126749331532,0.598966255126,0.781585316075,0.696897129581,0.679777378499,0.184357884104,0.406207756245,3
0.349849687729,0.3285581547,0.309235984497,0.71454347885,0.09016359517,0.729660848877,0.572399073764,0.081821648837,0.48209315066,0.781510037515,3
0.926850175309,0.635925786968,0.791885661093,0.250491223549,0.432407800915,0.638919566844,0.665145001927,0.363087686418,0.769069880572,0.885317602085,3
0.86592824159,0.0639465584,0.44611831414,0.22205468058,0.73973867475,0.46172899006,0.07237665491,0.99064233833,0.74307926074,0.17662065808,4
0.30730538767,0.32247002622,0.25331145047,0.61665744117,0.49876809487,0.46754726511,0.93183086105,0.85121923203,0.36827659966,0.13213875909,4
0.24588898928,0.14903802853,0.90382151372,0.77183425362,0.62331627677,0.80193195356,0.75081508419,0.54622158525,0.75235711665,0.06996684592,4
0.39832215589,0.43383332471,0.61966595981,0.19309842484,0.09534799844,0.08084967912,0.96182129795,0.50936118172,0.40945089159,0.02369803654,4
0.45455690048,0.33662666508,0.61187650995,0.65226921113,0.5008543369,0.67507461922,0.88092883149,0.08282193327,0.50406182998,0.79819833094,4
0.07687353896,0.33048481335,0.82248691111,0.11591168724,0.08026729405,0.56429528424,0.45458031971,0.95660149389,0.25002576082,0.24510519202,4
0.77954997404,0.61671815981,0.76450886142,0.87322162871,0.59547729856,0.69183211628,0.49718781414,0.06562543886,0.48812114068,0.54414501768,4
0.75362836253,0.93438617513,0.09704767705,0.1523607101,0.17876132677,0.29130084034,0.30920639214,0.66245073551,0.16554672366,0.66337717647,4
0.64711837942,0.6803335056,0.27599480804,0.05420905529,0.67885184494,0.73566990499,0.23099274656,0.72409339393,0.51781006223,0.96905181308,4
0.26006296551,0.29955650865,0.56398786166,0.39027264527,0.5139492893,0.62532865065,0.40725192097,0.53273137517,0.0308122548,0.80460258657,4
0.78387916186,0.00638862143,0.98449049616,0.84470756456,0.92502234574,0.89773904223,0.30789677086,0.97120226691,0.02603097097,0.52604558634,4
0.06814545379,0.60698954975,0.61831648783,0.48178618588,0.95268828498,0.02011886191,0.26551782707,0.03591344025,0.21567083758,0.05422379191,4
0.9881920643,0.05089308071,0.69450118722,0.0720737866,0.13035159235,0.40879532929,0.49682392526,0.61689197231,0.875135043,0.66479143509,4
0.89175864234,0.81127904853,0.74984229258,0.45974141738,0.27889786646,0.25396497994,0.55760357835,0.74333250628,0.69710220485,0.13611176344,4
0.48836361618,0.214023492,0.62013729141,0.16764259661,0.32046472471,0.76213376389,0.05614730037,0.16178405724,0.92149965993,0.29935852418,4
0.23833682799,0.87035435139,0.08226925907,0.42807222459,0.69680342634,0.21427824192,0.84930959668,0.42052593836,0.79858113125,0.27020593836,4
0.50986373781,0.21480816924,0.48266565215,0.47286992915,0.55431605616,0.07941780043,0.88821229265,0.16864839646,0.19193298116,0.52519495595,4
0.28575142183,0.28720510721,0.03443342715,0.39647202599,0.86147315281,0.26872651969,0.02301182262,0.75471402206,0.22393600189,0.17856773626,4
0.82699003288,0.62566948531,0.71789765093,0.75894056669,0.94417943066,0.39231163625,0.35795687388,0.40386134558,0.0204851476,0.13439978856,4
0.1052275558,0.73820618614,0.91961816857,0.36434547326,0.55590292091,0.62445859262,0.58514829276,0.88856068242,0.75029263298,0.41596346606,4
0.76569113016,0.98827217864,0.12144565114,0.29144705049,0.72130785866,0.67963491662,0.90901454855,0.85422609729,0.5013204489,0.50464918359,4
0.70742251923,0.75362795576,0.44880276566,0.72921516846,0.72966244378,0.77214743766,0.60751449414,0.04091742933,0.07205143887,0.26817071837,4
0.52209475582,0.4184850592,0.40205199402,0.57459375973,0.46619210175,0.71866855105,0.48829041004,0.09540578473,0.03274337642,0.47755717343,4
0.36051378165,0.62085497736,0.67507409958,0.04974755218,0.82701020338,0.04505779444,0.71636970968,0.10752812654,0.88495059066,0.5326295976,4
0.50343195171,0.47481599983,0.74843158367,0.37507689158,0.71589645542,0.57228522129,0.29313040896,0.34833407032,0.42429578624,0.05457013841,4
0.77707512991,0.69280960384,0.74683974788,0.24396535248,0.21008034954,0.24597680892,0.95063037914,0.55289155013,0.62846723724,0.54609435445,4
0.35456302257,0.76042679669,0.038509466,0.70366215079,0.49693566612,0.81866611799,0.24984751897,0.39484814332,0.67148968916,0.31942580169,4
0.46494944539,0.29867901358,0.08472308501,0.66190417683,0.7041846273,0.56712405626,0.83784685866,0.29925407116,0.13533074778,0.74326033362,4
0.47842790457,0.04659861493,0.83464564011,0.93276148724,0.48455270789,0.07958582706,0.04880222665,0.73620120012,0.60752177391,0.61476449199,4
0.87114487182,0.41020492505,0.0581293966,0.53762842739,0.76076096002,0.53726060399,0.31339649211,0.5840727366,0.15699420902,0.68727440139,4
0.03646543611,0.63977757394,0.76730065251,0.27488928994,0.36977339059,0.1250335976,0.16144450306,0.79337784965,0.7111005222,0.10211049622,4
0.8012668457,0.10354248915,0.84912685544,0.66812114322,0.14544128051,0.35567732817,0.50142957182,0.62893527808,0.69654673404,0.13467745492,4
0.40029069488,0.4488122929,0.3583171779,0.17450962028,0.5456948849,0.48305780571,0.9486211082,0.09279513741,0.67923487656,0.68319333652,4
0.06830605701,0.79004401678,0.94866608345,0.95730529042,0.96338363167,0.00519200432,0.04383309143,0.95674134956,0.165476216,0.88046881656,4
0.95279946822,0.51542248788,0.88579804888,0.25052460574,0.95411924195,0.20008329549,0.53411815943,0.6629597047,0.98408337875,0.71046694383,4
0.80540412876,0.61032982061,0.44905382818,0.53052232042,0.25965158695,0.05683069985,0.53803073473,0.61214640384,0.60517650099,0.96105150201,4
0.32829201014,0.53947219053,0.40283115901,0.72955839525,0.67168898969,0.0732502647,0.95046799812,0.49041498491,0.46122858398,0.83053258553,4
0.33985595715,0.98079509007,0.47691895794,0.40198900942,0.6171321145,0.19459415605,0.04434909185,0.95790986579,0.34979582963,0.50429347791,4
0.60496569011,0.4741242073,0.25035743982,0.91038362097,0.05663181443,0.78127828586,0.73511945579,0.95698017283,0.9918005479,0.2797014264,4
0.5517370959,0.64294014698,0.18765102211,0.69297970041,0.85778198507,0.97136837996,0.48864367888,0.15880708803,0.41651734074,0.84095065989,4
0.80967096739,0.48477046938,0.9968580513,0.77201072418,0.24793824221,0.80543905693,0.08076191685,0.76334124695,0.71720114983,0.31793244696,4
0.3388219971,0.39473981084,0.78632682204,0.08417274938,0.25025939709,0.2006889839,0.17146629765,0.77089597468,0.64960753723,0.15245955211,4
0.50462518438,0.74944097879,0.99337945751,0.04656858331,0.13653605643,0.14860112513,0.86130773664,0.72109407995,0.2828615392,0.46980182373,4
0.21189539209,0.10012225058,0.00488239514,0.70156194912,0.34227866011,0.95409442225,0.19921761395,0.29714366299,0.13140909012,0.17984437526,4
0.26666430116,0.6485194218,0.43105149231,0.99308632698,0.49061941804,0.88497147599,0.12865019715,0.58141734384,0.17401542237,0.98963845301,4
0.94228042792,0.73401137958,0.72042652348,0.87116860048,0.86921151873,0.69759909909,0.77635007415,0.96661369957,0.08208157137,0.29381122014,4
0.73820618614,0.91961816857,0.36434547326,0.55590292091,0.62445859262,0.58514829276,0.88856068242,0.75029263298,0.41596346606,0.25027006327,4
0.61870647788,0.40456456234,0.80445566148,0.31080823994,0.14837985205,0.32763673814,0.21642574477,0.23362880988,0.37447111134,0.31117159168,4
0.42863591285,0.18307660179,0.95461079527,0.22554044611,0.72366794203,0.02051779206,0.21411554181,0.76215853386,0.46588898846,0.52003116405,4
0.13584801368,0.2096725121,0.88978953048,0.14434475031,0.27450441962,0.61270079385,0.38933016392,0.85499181157,0.39092798913,0.34770373481,4
0.04777421955,0.82429024163,0.18907798675,0.21189539209,0.10012225058,0.00488239514,0.70156194912,0.34227866011,0.95409442225,0.19921761395,4
0.75657738512,0.48920015869,0.43597961352,0.11478138128,0.05819002315,0.4888724642,0.72448401587,0.58596639057,0.1934015329,0.71224690733,4
0.76720253389,0.62780638285,0.82792245006,0.86369220413,0.15789563472,0.52825520542,0.32942701574,0.21970754384,0.54553276032,0.3048249755,4
0.94443727814,0.50986373781,0.21480816924,0.48266565215,0.47286992915,0.55431605616,0.07941780043,0.88821229265,0.16864839646,0.19193298116,4
0.82736745335,0.87229964211,0.75092306961,0.02199363685,0.81618637648,0.65253906321,0.1932529743,0.1914680072,0.06920084317,0.58763164653,4
0.12786417184,0.25697455747,0.80834022058,0.39555156522,0.78318365016,0.79517713278,0.05422262583,0.71954712548,0.96736573072,0.19939100365,4
0.61433151387,0.01897847542,0.16856536208,0.531598651,0.64304173689,0.42758353665,0.56199343663,0.98208333023,0.96136248272,0.52625345661,4
0.82429024163,0.18907798675,0.21189539209,0.10012225058,0.00488239514,0.70156194912,0.34227866011,0.95409442225,0.19921761395,0.29714366299,4
0.41672260371,0.17334791332,0.09236211369,0.75831118279,0.16987810074,0.03374373781,0.98635391787,0.67128292575,0.63922661668,0.47903165338,4
0.11438968909,0.02769963136,0.70843756056,0.63398055696,0.26608829074,0.640666257,0.30869795381,0.00900765034,0.66079616623,0.48257481398,4
0.93138332907,0.06219603198,0.26104406546,0.67923743588,0.24096962808,0.34553459273,0.41764023663,0.0928010889,0.25625156561,0.54497161932,4
0.96971401403,0.70349645205,0.96333126816,0.09376215519,0.17776602537,0.58299416038,0.69364362827,0.33539393016,0.15353333409,0.09845754802,4
0.47194746165,0.64064209201,0.47947941712,0.42473461854,0.2549510876,0.114111194,0.77638889348,0.16594488994,0.00813694866,0.15892120687,4
0.54062813132,0.17930537127,0.23867752642,0.35255458517,0.94354631313,0.40814095554,0.63559600814,0.38079911307,0.93360315034,0.93993695019,4
0.00880816259,0.44153602528,0.05221500998,0.59715006886,0.16027286459,0.00928301932,0.07744307628,0.57771454859,0.11038520363,0.26249535023,4
0.59479268386,0.77643069411,0.91904335267,0.40128019297,0.70198518618,0.21615889546,0.08690775478,0.12987602046,0.1786922384,0.06015071153,4
0.16328765603,0.57225797913,0.72577776433,0.83372198557,0.35007112581,0.64730107457,0.8828678206,0.82733265662,0.21631370383,0.82077007263,4
0.5834695716,0.88654076243,0.56630164221,0.3564348523,0.94161900903,0.55259644548,0.82861683229,0.58736027416,0.7215800839,0.53897430117,4
0.28521659636,0.14602033551,0.92220842707,0.21403734161,0.26496472508,0.06798601765,0.57422911956,0.28501806915,0.28938843604,0.4358010112,4
0.51730087349,0.86593483166,0.72819339603,0.63396854575,0.27187553986,0.66098192662,0.94030652545,0.38002317254,0.8508630448,0.2685338256,4
0.86122650878,0.61763554555,0.8460357278,0.97925422465,0.06966359995,0.10018944196,0.7614923319,0.32004403385,0.54422168287,0.23569079737,4
0.79428370314,0.88554913756,0.02238003296,0.80967096739,0.48477046938,0.9968580513,0.77201072418,0.24793824221,0.80543905693,0.08076191685,4
0.06105244907,0.38400353617,0.59493804259,0.34560331369,0.92920964407,0.09906822678,0.68678014261,0.7665535723,0.61391064176,0.49486414446,4
0.08766952204,0.45050411361,0.79312829378,0.73755692294,0.37024132965,0.29352650522,0.93945660987,0.6071092064,0.73000580707,0.49477822475,4
0.51154484671,0.11047752489,0.47323551859,0.21628295584,0.59928598338,0.06805047842,0.08517950939,0.71574572123,0.36231563076,0.55592331905,4
0.74330244152,0.41114034276,0.09947753897,0.43081445978,0.7956247417,0.75366798203,0.09246940187,0.92053942916,0.99072055748,0.12440788528,4
0.06436929975,0.42550543488,0.04675593088,0.30730538767,0.32247002622,0.25331145047,0.61665744117,0.49876809487,0.46754726511,0.93183086105,4
0.66609001185,0.71792950519,0.0186175527,0.46564716596,0.7137862671,0.34860865379,0.58966999263,0.16832271846,0.15890176069,0.87441132206,4
0.13898410645,0.28761980063,0.79129767211,0.22093017385,0.54521402139,0.7671474471,0.36422187502,0.78149677243,0.73250311937,0.29740555822,4
0.97241562558,0.63910800278,0.67389354857,0.11145054798,0.68476756448,0.23883440653,0.86653486624,0.36407875156,0.12898773975,0.73898635779,4
0.73875370128,0.87639302514,0.90060445906,0.70518893327,0.74720241554,0.21082813225,0.65080846775,0.89367502586,0.09013925937,0.41830441088,4
0.9594622323,0.37554196816,0.76034425079,0.17474631082,0.97462753522,0.17073661578,0.16279505936,0.03217163183,0.60669472005,0.77822738011,4
0.283534691,0.39653065982,0.70331146543,0.03413338599,0.38138660233,0.0191831105,0.86016314304,0.94940475351,0.57485865999,0.88716598874,4
0.36161018133,0.60542041142,0.23907694889,0.77244653559,0.2046458205,0.55480991771,0.06405057422,0.40574987639,0.54919253681,0.54625578143,4
0.84663637979,0.73130207731,0.72285703239,0.44153007524,0.17088193985,0.29293494258,0.86963993475,0.68967546745,0.8655658951,0.3023588711,4
0.84557262096,0.39706243068,0.92697851815,0.9590928356,0.81133420229,0.47398237429,0.40286490732,0.50327881422,0.24186416698,0.95388849301,4
0.120740334,0.17231174332,0.88959229053,0.36785232204,0.58017428452,0.29379513545,0.06286721865,0.2772170453,0.11231529415,0.004522156,4
0.78467286402,0.43513527965,0.86101972949,0.16008172501,0.57261473877,0.84109276288,0.25192725254,0.34712251291,0.5860455686,0.09459264323,4
0.36430065792,0.56831164284,0.60091887915,0.98727764282,0.60748527536,0.0101861895,0.44357982652,0.23003625171,0.8916627017,0.22168486288,4
0.54316317152,0.10607368045,0.260393672,0.0325329613,0.22306338304,0.14857853656,0.20971798487,0.90131089118,0.29525202092,0.44011637101,4
0.90282604128,0.00290975494,0.84243768155,0.55561209377,0.63141141668,0.24681005034,0.12530886424,0.26785846869,0.4459546678,0.65064243761,4
0.63398055696,0.26608829074,0.640666257,0.30869795381,0.00900765034,0.66079616623,0.48257481398,0.23561271223,0.16757211674,0.32944256268,4
0.29316538584,0.72915501041,0.59776054812,0.51730087349,0.86593483166,0.72819339603,0.63396854575,0.27187553986,0.66098192662,0.94030652545,4
0.31550820277,0.31767453504,0.3820846407,0.75565052564,0.6058665508,0.34608902825,0.56749052949,0.20831442168,0.10474103765,0.83113971216,4
0.44905382818,0.53052232042,0.25965158695,0.05683069985,0.53803073473,0.61214640384,0.60517650099,0.96105150201,0.02011162204,0.98562961199,4
0.18359025188,0.83491252156,0.64352729568,0.30861662442,0.25856151081,0.56846628611,0.09837866059,0.393351067,0.20447647418,0.72044267983,4
0.73620120012,0.60752177391,0.61476449199,0.16354145515,0.67056950566,0.02635737478,0.64119524359,0.53655013347,0.38140406106,0.12049882184,4
0.21579724905,0.29216941893,0.6108300308,0.29364228769,0.90675319207,0.03378260213,0.26543007666,0.40838705842,0.50111079812,0.57742784286,4
0.91061569562,0.96396952959,0.27300099997,0.15953250304,0.34995533844,0.46187921699,0.99009361163,0.8472874736,0.4455763466,0.10754701723,4
0.43370924263,0.66351808938,0.6076314097,0.69794657948,0.13321581382,0.74438484674,0.43865597867,0.36657914649,0.13579982109,0.78433123653,4
