0.218405565635527,1,0.648677383232819
0.218405565635527,2,0.866001135717158
0.218405565635527,3,0.440964040884252
0.218405565635527,4,0.936756071018878
0.218405565635527,5,0.225127710826981
0.218405565635527,6,0.66289185365018
0.218405565635527,7,0.849171727254752
0.218405565635527,8,0.486700598566546
0.218405565635527,9,0.949327878501745
0.218405565635527,10,0.18279693888426
0.218405565635527,11,0.567652428471456
0.218405565635527,12,0.932607965903275
0.218405565635527,13,0.238831321780717
0.218405565635527,14,0.690805501765332
0.218405565635527,15,0.811654389885104
0.218405565635527,16,0.580911856808306
0.218405565635527,17,0.925122431425762
0.218405565635527,18,0.263229489534863
0.218405565635527,19,0.736970956421498
0.218405565635527,20,0.736610110088186
0.648677383232819,1,0.866001135717158
0.648677383232819,2,0.440964040884252
0.648677383232819,3,0.936756071018878
0.648677383232819,4,0.225127710826981
0.648677383232819,5,0.66289185365018
0.648677383232819,6,0.849171727254752
0.648677383232819,7,0.486700598566546
0.648677383232819,8,0.949327878501745
0.648677383232819,9,0.18279693888426
0.648677383232819,10,0.567652428471456
0.648677383232819,11,0.932607965903275
0.648677383232819,12,0.238831321780717
0.648677383232819,13,0.690805501765332
0.648677383232819,14,0.811654389885104
0.648677383232819,15,0.580911856808306
0.648677383232819,16,0.925122431425762
0.648677383232819,17,0.263229489534863
0.648677383232819,18,0.736970956421498
0.648677383232819,19,0.736610110088186
0.648677383232819,20,0.737259492055415
0.866001135717158,1,0.440964040884252
0.866001135717158,2,0.936756071018878
0.866001135717158,3,0.225127710826981
0.866001135717158,4,0.66289185365018
0.866001135717158,5,0.849171727254752
0.866001135717158,6,0.486700598566546
0.866001135717158,7,0.949327878501745
0.866001135717158,8,0.18279693888426
0.866001135717158,9,0.567652428471456
0.866001135717158,10,0.932607965903275
0.866001135717158,11,0.238831321780717
0.866001135717158,12,0.690805501765332
0.866001135717158,13,0.811654389885104
0.866001135717158,14,0.580911856808306
0.866001135717158,15,0.925122431425762
0.866001135717158,16,0.263229489534863
0.866001135717158,17,0.736970956421498
0.866001135717158,18,0.736610110088186
0.866001135717158,19,0.737259492055415
0.866001135717158,20,0.736090147032505
0.440964040884252,1,0.936756071018878
0.440964040884252,2,0.225127710826981
0.440964040884252,3,0.66289185365018
0.440964040884252,4,0.849171727254752
0.440964040884252,5,0.486700598566546
0.440964040884252,6,0.949327878501745
0.440964040884252,7,0.18279693888426
0.440964040884252,8,0.567652428471456
0.440964040884252,9,0.932607965903275
0.440964040884252,10,0.238831321780717
0.440964040884252,11,0.690805501765332
0.440964040884252,12,0.811654389885104
0.440964040884252,13,0.580911856808306
0.440964040884252,14,0.925122431425762
0.440964040884252,15,0.263229489534863
0.440964040884252,16,0.736970956421498
0.440964040884252,17,0.736610110088186
0.440964040884252,18,0.737259492055415
0.440964040884252,19,0.736090147032505
0.440964040884252,20,0.738193481401847
0.936756071018878,1,0.225127710826981
0.936756071018878,2,0.66289185365018
0.936756071018878,3,0.849171727254752
0.936756071018878,4,0.486700598566546
0.936756071018878,5,0.949327878501745
0.936756071018878,6,0.18279693888426
0.936756071018878,7,0.567652428471456
0.936756071018878,8,0.932607965903275
0.936756071018878,9,0.238831321780717
0.936756071018878,10,0.690805501765332
0.936756071018878,11,0.811654389885104
0.936756071018878,12,0.580911856808306
0.936756071018878,13,0.925122431425762
0.936756071018878,14,0.263229489534863
0.936756071018878,15,0.736970956421498
0.936756071018878,16,0.736610110088186
0.936756071018878,17,0.737259492055415
0.936756071018878,18,0.736090147032505
0.936756071018878,19,0.738193481401847
0.936756071018878,20,0.734402688587138
0.225127710826981,1,0.66289185365018
0.225127710826981,2,0.849171727254752
0.225127710826981,3,0.486700598566546
0.225127710826981,4,0.949327878501745
0.225127710826981,5,0.18279693888426
0.225127710826981,6,0.567652428471456
0.225127710826981,7,0.932607965903275
0.225127710826981,8,0.238831321780717
0.225127710826981,9,0.690805501765332
0.225127710826981,10,0.811654389885104
0.225127710826981,11,0.580911856808306
0.225127710826981,12,0.925122431425762
0.225127710826981,13,0.263229489534863
0.225127710826981,14,0.736970956421498
0.225127710826981,15,0.736610110088186
0.225127710826981,16,0.737259492055415
0.225127710826981,17,0.736090147032505
0.225127710826981,18,0.738193481401847
0.225127710826981,19,0.734402688587138
0.225127710826981,20,0.741210442415861
0.66289185365018,1,0.849171727254752
0.66289185365018,2,0.486700598566546
0.66289185365018,3,0.949327878501745
0.66289185365018,4,0.18279693888426
0.66289185365018,5,0.567652428471456
0.66289185365018,6,0.932607965903275
0.66289185365018,7,0.238831321780717
0.66289185365018,8,0.690805501765332
0.66289185365018,9,0.811654389885104
0.66289185365018,10,0.580911856808306
0.66289185365018,11,0.925122431425762
0.66289185365018,12,0.263229489534863
0.66289185365018,13,0.736970956421498
0.66289185365018,14,0.736610110088186
0.66289185365018,15,0.737259492055415
0.66289185365018,16,0.736090147032505
0.66289185365018,17,0.738193481401847
0.66289185365018,18,0.734402688587138
0.66289185365018,19,0.741210442415861
0.66289185365018,20,0.72890658538427
0.849171727254752,1,0.486700598566546
0.849171727254752,2,0.949327878501745
0.849171727254752,3,0.18279693888426
0.849171727254752,4,0.567652428471456
0.849171727254752,5,0.932607965903275
0.849171727254752,6,0.238831321780717
0.849171727254752,7,0.690805501765332
0.849171727254752,8,0.811654389885104
0.849171727254752,9,0.580911856808306
0.849171727254752,10,0.925122431425762
0.849171727254752,11,0.263229489534863
0.849171727254752,12,0.736970956421498
0.849171727254752,13,0.736610110088186
0.849171727254752,14,0.737259492055415
0.849171727254752,15,0.736090147032505
0.849171727254752,16,0.738193481401847
0.849171727254752,17,0.734402688587138
0.849171727254752,18,0.741210442415861
0.849171727254752,19,0.72890658538427
0.849171727254752,20,0.750886745637313
0.486700598566546,1,0.949327878501745
0.486700598566546,2,0.18279693888426
0.486700598566546,3,0.567652428471456
0.486700598566546,4,0.932607965903275
0.486700598566546,5,0.238831321780717
0.486700598566546,6,0.690805501765332
0.486700598566546,7,0.811654389885104
0.486700598566546,8,0.580911856808306
0.486700598566546,9,0.925122431425762
0.486700598566546,10,0.263229489534863
0.486700598566546,11,0.736970956421498
0.486700598566546,12,0.736610110088186
0.486700598566546,13,0.737259492055415
0.486700598566546,14,0.736090147032505
0.486700598566546,15,0.738193481401847
0.486700598566546,16,0.734402688587138
0.486700598566546,17,0.741210442415861
0.486700598566546,18,0.72890658538427
0.486700598566546,19,0.750886745637313
0.486700598566546,20,0.710812195281369
0.949327878501745,1,0.18279693888426
0.949327878501745,2,0.567652428471456
0.949327878501745,3,0.932607965903275
0.949327878501745,4,0.238831321780717
0.949327878501745,5,0.690805501765332
0.949327878501745,6,0.811654389885104
0.949327878501745,7,0.580911856808306
0.949327878501745,8,0.925122431425762
0.949327878501745,9,0.263229489534863
0.949327878501745,10,0.736970956421498
0.949327878501745,11,0.736610110088186
0.949327878501745,12,0.737259492055415
0.949327878501745,13,0.736090147032505
0.949327878501745,14,0.738193481401847
0.949327878501745,15,0.734402688587138
0.949327878501745,16,0.741210442415861
0.949327878501745,17,0.72890658538427
0.949327878501745,18,0.750886745637313
0.949327878501745,19,0.710812195281369
0.949327878501745,20,0.78112122961847
0.18279693888426,1,0.567652428471456
0.18279693888426,2,0.932607965903275
0.18279693888426,3,0.238831321780717
0.18279693888426,4,0.690805501765332
0.18279693888426,5,0.811654389885104
0.18279693888426,6,0.580911856808306
0.18279693888426,7,0.925122431425762
0.18279693888426,8,0.263229489534863
0.18279693888426,9,0.736970956421498
0.18279693888426,10,0.736610110088186
0.18279693888426,11,0.737259492055415
0.18279693888426,12,0.736090147032505
0.18279693888426,13,0.738193481401847
0.18279693888426,14,0.734402688587138
0.18279693888426,15,0.741210442415861
0.18279693888426,16,0.72890658538427
0.18279693888426,17,0.750886745637313
0.18279693888426,18,0.710812195281369
0.18279693888426,19,0.78112122961847
0.18279693888426,20,0.649689246179638
0.567652428471456,1,0.932607965903275
0.567652428471456,2,0.238831321780717
0.567652428471456,3,0.690805501765332
0.567652428471456,4,0.811654389885104
0.567652428471456,5,0.580911856808306
0.567652428471456,6,0.925122431425762
0.567652428471456,7,0.263229489534863
0.567652428471456,8,0.736970956421498
0.567652428471456,9,0.736610110088186
0.567652428471456,10,0.737259492055415
0.567652428471456,11,0.736090147032505
0.567652428471456,12,0.738193481401847
0.567652428471456,13,0.734402688587138
0.567652428471456,14,0.741210442415861
0.567652428471456,15,0.72890658538427
0.567652428471456,16,0.750886745637313
0.567652428471456,17,0.710812195281369
0.567652428471456,18,0.78112122961847
0.567652428471456,19,0.649689246179638
0.567652428471456,20,0.864853892397053
0.932607965903275,1,0.238831321780717
0.932607965903275,2,0.690805501765332
0.932607965903275,3,0.811654389885104
0.932607965903275,4,0.580911856808306
0.932607965903275,5,0.925122431425762
0.932607965903275,6,0.263229489534863
0.932607965903275,7,0.736970956421498
0.932607965903275,8,0.736610110088186
0.932607965903275,9,0.737259492055415
0.932607965903275,10,0.736090147032505
0.932607965903275,11,0.738193481401847
0.932607965903275,12,0.734402688587138
0.932607965903275,13,0.741210442415861
0.932607965903275,14,0.72890658538427
0.932607965903275,15,0.750886745637313
0.932607965903275,16,0.710812195281369
0.932607965903275,17,0.78112122961847
0.932607965903275,18,0.649689246179638
0.932607965903275,19,0.864853892397053
0.932607965903275,20,0.444150221370335
0.238831321780717,1,0.690805501765332
0.238831321780717,2,0.811654389885104
0.238831321780717,3,0.580911856808306
0.238831321780717,4,0.925122431425762
0.238831321780717,5,0.263229489534863
0.238831321780717,6,0.736970956421498
0.238831321780717,7,0.736610110088186
0.238831321780717,8,0.737259492055415
0.238831321780717,9,0.736090147032505
0.238831321780717,10,0.738193481401847
0.238831321780717,11,0.734402688587138
0.238831321780717,12,0.741210442415861
0.238831321780717,13,0.72890658538427
0.238831321780717,14,0.750886745637313
0.238831321780717,15,0.710812195281369
0.238831321780717,16,0.78112122961847
0.238831321780717,17,0.649689246179638
0.238831321780717,18,0.864853892397053
0.238831321780717,19,0.444150221370335
0.238831321780717,20,0.938147048462666
0.690805501765332,1,0.811654389885104
0.690805501765332,2,0.580911856808306
0.690805501765332,3,0.925122431425762
0.690805501765332,4,0.263229489534863
0.690805501765332,5,0.736970956421498
0.690805501765332,6,0.736610110088186
0.690805501765332,7,0.737259492055415
0.690805501765332,8,0.736090147032505
0.690805501765332,9,0.738193481401847
0.690805501765332,10,0.734402688587138
0.690805501765332,11,0.741210442415861
0.690805501765332,12,0.72890658538427
0.690805501765332,13,0.750886745637313
0.690805501765332,14,0.710812195281369
0.690805501765332,15,0.78112122961847
0.690805501765332,16,0.649689246179638
0.690805501765332,17,0.864853892397053
0.690805501765332,18,0.444150221370335
0.690805501765332,19,0.938147048462666
0.690805501765332,20,0.220503222909126
0.811654389885104,1,0.580911856808306
0.811654389885104,2,0.925122431425762
0.811654389885104,3,0.263229489534863
0.811654389885104,4,0.736970956421498
0.811654389885104,5,0.736610110088186
0.811654389885104,6,0.737259492055415
0.811654389885104,7,0.736090147032505
0.811654389885104,8,0.738193481401847
0.811654389885104,9,0.734402688587138
0.811654389885104,10,0.741210442415861
0.811654389885104,11,0.72890658538427
0.811654389885104,12,0.750886745637313
0.811654389885104,13,0.710812195281369
0.811654389885104,14,0.78112122961847
0.811654389885104,15,0.649689246179638
0.811654389885104,16,0.864853892397053
0.811654389885104,17,0.444150221370335
0.811654389885104,18,0.938147048462666
0.811654389885104,19,0.220503222909126
0.811654389885104,20,0.653149896064094
0.580911856808306,1,0.925122431425762
0.580911856808306,2,0.263229489534863
0.580911856808306,3,0.736970956421498
0.580911856808306,4,0.736610110088186
0.580911856808306,5,0.737259492055415
0.580911856808306,6,0.736090147032505
0.580911856808306,7,0.738193481401847
0.580911856808306,8,0.734402688587138
0.580911856808306,9,0.741210442415861
0.580911856808306,10,0.72890658538427
0.580911856808306,11,0.750886745637313
0.580911856808306,12,0.710812195281369
0.580911856808306,13,0.78112122961847
0.580911856808306,14,0.649689246179638
0.580911856808306,15,0.864853892397053
0.580911856808306,16,0.444150221370335
0.580911856808306,17,0.938147048462666
0.580911856808306,18,0.220503222909126
0.580911856808306,19,0.653149896064094
0.580911856808306,20,0.860871415475117
0.925122431425762,1,0.263229489534863
0.925122431425762,2,0.736970956421498
0.925122431425762,3,0.736610110088186
0.925122431425762,4,0.737259492055415
0.925122431425762,5,0.736090147032505
0.925122431425762,6,0.738193481401847
0.925122431425762,7,0.734402688587138
0.925122431425762,8,0.741210442415861
0.925122431425762,9,0.72890658538427
0.925122431425762,10,0.750886745637313
0.925122431425762,11,0.710812195281369
0.925122431425762,12,0.78112122961847
0.925122431425762,13,0.649689246179638
0.925122431425762,14,0.864853892397053
0.925122431425762,15,0.444150221370335
0.925122431425762,16,0.938147048462666
0.925122431425762,17,0.220503222909126
0.925122431425762,18,0.653149896064094
0.925122431425762,19,0.860871415475117
0.925122431425762,20,0.455132921673345
0.263229489534863,1,0.736970956421498
0.263229489534863,2,0.736610110088186
0.263229489534863,3,0.737259492055415
0.263229489534863,4,0.736090147032505
0.263229489534863,5,0.738193481401847
0.263229489534863,6,0.734402688587138
0.263229489534863,7,0.741210442415861
0.263229489534863,8,0.72890658538427
0.263229489534863,9,0.750886745637313
0.263229489534863,10,0.710812195281369
0.263229489534863,11,0.78112122961847
0.263229489534863,12,0.649689246179638
0.263229489534863,13,0.864853892397053
0.263229489534863,14,0.444150221370335
0.263229489534863,15,0.938147048462666
0.263229489534863,16,0.220503222909126
0.263229489534863,17,0.653149896064094
0.263229489534863,18,0.860871415475117
0.263229489534863,19,0.455132921673345
0.263229489534863,20,0.942350392073233
0.736970956421498,1,0.736610110088186
0.736970956421498,2,0.737259492055415
0.736970956421498,3,0.736090147032505
0.736970956421498,4,0.738193481401847
0.736970956421498,5,0.734402688587138
0.736970956421498,6,0.741210442415861
0.736970956421498,7,0.72890658538427
0.736970956421498,8,0.750886745637313
0.736970956421498,9,0.710812195281369
0.736970956421498,10,0.78112122961847
0.736970956421498,11,0.649689246179638
0.736970956421498,12,0.864853892397053
0.736970956421498,13,0.444150221370335
0.736970956421498,14,0.938147048462666
0.736970956421498,15,0.220503222909126
0.736970956421498,16,0.653149896064094
0.736970956421498,17,0.860871415475117
0.736970956421498,18,0.455132921673345
0.736970956421498,19,0.942350392073233
0.736970956421498,20,0.206439296404097
0.736610110088186,1,0.737259492055415
0.736610110088186,2,0.736090147032505
0.736610110088186,3,0.738193481401847
0.736610110088186,4,0.734402688587138
0.736610110088186,5,0.741210442415861
0.736610110088186,6,0.72890658538427
0.736610110088186,7,0.750886745637313
0.736610110088186,8,0.710812195281369
0.736610110088186,9,0.78112122961847
0.736610110088186,10,0.649689246179638
0.736610110088186,11,0.864853892397053
0.736610110088186,12,0.444150221370335
0.736610110088186,13,0.938147048462666
0.736610110088186,14,0.220503222909126
0.736610110088186,15,0.653149896064094
0.736610110088186,16,0.860871415475117
0.736610110088186,17,0.455132921673345
0.736610110088186,18,0.942350392073233
0.736610110088186,19,0.206439296404097
0.736610110088186,20,0.622524030556258
0.737259492055415,1,0.736090147032505
0.737259492055415,2,0.738193481401847
0.737259492055415,3,0.734402688587138
0.737259492055415,4,0.741210442415861
0.737259492055415,5,0.72890658538427
0.737259492055415,6,0.750886745637313
0.737259492055415,7,0.710812195281369
0.737259492055415,8,0.78112122961847
0.737259492055415,9,0.649689246179638
0.737259492055415,10,0.864853892397053
0.737259492055415,11,0.444150221370335
0.737259492055415,12,0.938147048462666
0.737259492055415,13,0.220503222909126
0.737259492055415,14,0.653149896064094
0.737259492055415,15,0.860871415475117
0.737259492055415,16,0.455132921673345
0.737259492055415,17,0.942350392073233
0.737259492055415,18,0.206439296404097
0.737259492055415,19,0.622524030556258
0.737259492055415,20,0.892953875357747
0.736090147032505,1,0.738193481401847
0.736090147032505,2,0.734402688587138
0.736090147032505,3,0.741210442415861
0.736090147032505,4,0.72890658538427
0.736090147032505,5,0.750886745637313
0.736090147032505,6,0.710812195281369
0.736090147032505,7,0.78112122961847
0.736090147032505,8,0.649689246179638
0.736090147032505,9,0.864853892397053
0.736090147032505,10,0.444150221370335
0.736090147032505,11,0.938147048462666
0.736090147032505,12,0.220503222909126
0.736090147032505,13,0.653149896064094
0.736090147032505,14,0.860871415475117
0.736090147032505,15,0.455132921673345
0.736090147032505,16,0.942350392073233
0.736090147032505,17,0.206439296404097
0.736090147032505,18,0.622524030556258
0.736090147032505,19,0.892953875357747
0.736090147032505,20,0.363231556997047
0.738193481401847,1,0.734402688587138
0.738193481401847,2,0.741210442415861
0.738193481401847,3,0.72890658538427
0.738193481401847,4,0.750886745637313
0.738193481401847,5,0.710812195281369
0.738193481401847,6,0.78112122961847
0.738193481401847,7,0.649689246179638
0.738193481401847,8,0.864853892397053
0.738193481401847,9,0.444150221370335
0.738193481401847,10,0.938147048462666
0.738193481401847,11,0.220503222909126
0.738193481401847,12,0.653149896064094
0.738193481401847,13,0.860871415475117
0.738193481401847,14,0.455132921673345
0.738193481401847,15,0.942350392073233
0.738193481401847,16,0.206439296404097
0.738193481401847,17,0.622524030556258
0.738193481401847,18,0.892953875357747
0.738193481401847,19,0.363231556997047
0.738193481401847,20,0.878918693394482
0.734402688587138,1,0.741210442415861
0.734402688587138,2,0.72890658538427
0.734402688587138,3,0.750886745637313
0.734402688587138,4,0.710812195281369
0.734402688587138,5,0.78112122961847
0.734402688587138,6,0.649689246179638
0.734402688587138,7,0.864853892397053
0.734402688587138,8,0.444150221370335
0.734402688587138,9,0.938147048462666
0.734402688587138,10,0.220503222909126
0.734402688587138,11,0.653149896064094
0.734402688587138,12,0.860871415475117
0.734402688587138,13,0.455132921673345
0.734402688587138,14,0.942350392073233
0.734402688587138,15,0.206439296404097
0.734402688587138,16,0.622524030556258
0.734402688587138,17,0.892953875357747
0.734402688587138,18,0.363231556997047
0.734402688587138,19,0.878918693394482
0.734402688587138,20,0.40439837042563
0.741210442415861,1,0.72890658538427
0.741210442415861,2,0.750886745637313
0.741210442415861,3,0.710812195281369
0.741210442415861,4,0.78112122961847
0.741210442415861,5,0.649689246179638
0.741210442415861,6,0.864853892397053
0.741210442415861,7,0.444150221370335
0.741210442415861,8,0.938147048462666
0.741210442415861,9,0.220503222909126
0.741210442415861,10,0.653149896064094
0.741210442415861,11,0.860871415475117
0.741210442415861,12,0.455132921673345
0.741210442415861,13,0.942350392073233
0.741210442415861,14,0.206439296404097
0.741210442415861,15,0.622524030556258
0.741210442415861,16,0.892953875357747
0.741210442415861,17,0.363231556997047
0.741210442415861,18,0.878918693394482
0.741210442415861,19,0.40439837042563
0.741210442415861,20,0.915269248006355
0.72890658538427,1,0.750886745637313
0.72890658538427,2,0.710812195281369
0.72890658538427,3,0.78112122961847
0.72890658538427,4,0.649689246179638
0.72890658538427,5,0.864853892397053
0.72890658538427,6,0.444150221370335
0.72890658538427,7,0.938147048462666
0.72890658538427,8,0.220503222909126
0.72890658538427,9,0.653149896064094
0.72890658538427,10,0.860871415475117
0.72890658538427,11,0.455132921673345
0.72890658538427,12,0.942350392073233
0.72890658538427,13,0.206439296404097
0.72890658538427,14,0.622524030556258
0.72890658538427,15,0.892953875357747
0.72890658538427,16,0.363231556997047
0.72890658538427,17,0.878918693394482
0.72890658538427,18,0.40439837042563
0.72890658538427,19,0.915269248006355
0.72890658538427,20,0.294695516308898
0.750886745637313,1,0.710812195281369
0.750886745637313,2,0.78112122961847
0.750886745637313,3,0.649689246179638
0.750886745637313,4,0.864853892397053
0.750886745637313,5,0.444150221370335
0.750886745637313,6,0.938147048462666
0.750886745637313,7,0.220503222909126
0.750886745637313,8,0.653149896064094
0.750886745637313,9,0.860871415475117
0.750886745637313,10,0.455132921673345
0.750886745637313,11,0.942350392073233
0.750886745637313,12,0.206439296404097
0.750886745637313,13,0.622524030556258
0.750886745637313,14,0.892953875357747
0.750886745637313,15,0.363231556997047
0.750886745637313,16,0.878918693394482
0.750886745637313,17,0.40439837042563
0.750886745637313,18,0.915269248006355
0.750886745637313,19,0.294695516308898
0.750886745637313,20,0.789830262110054
0.710812195281369,1,0.78112122961847
0.710812195281369,2,0.649689246179638
0.710812195281369,3,0.864853892397053
0.710812195281369,4,0.444150221370335
0.710812195281369,5,0.938147048462666
0.710812195281369,6,0.220503222909126
0.710812195281369,7,0.653149896064094
0.710812195281369,8,0.860871415475117
0.710812195281369,9,0.455132921673345
0.710812195281369,10,0.942350392073233
0.710812195281369,11,0.206439296404097
0.710812195281369,12,0.622524030556258
0.710812195281369,13,0.892953875357747
0.710812195281369,14,0.363231556997047
0.710812195281369,15,0.878918693394482
0.710812195281369,16,0.40439837042563
0.710812195281369,17,0.915269248006355
0.710812195281369,18,0.294695516308898
0.710812195281369,19,0.789830262110054
0.710812195281369,20,0.630793992827826
0.78112122961847,1,0.649689246179638
0.78112122961847,2,0.864853892397053
0.78112122961847,3,0.444150221370335
0.78112122961847,4,0.938147048462666
0.78112122961847,5,0.220503222909126
0.78112122961847,6,0.653149896064094
0.78112122961847,7,0.860871415475117
0.78112122961847,8,0.455132921673345
0.78112122961847,9,0.942350392073233
0.78112122961847,10,0.206439296404097
0.78112122961847,11,0.622524030556258
0.78112122961847,12,0.892953875357747
0.78112122961847,13,0.363231556997047
0.78112122961847,14,0.878918693394482
0.78112122961847,15,0.40439837042563
0.78112122961847,16,0.915269248006355
0.78112122961847,17,0.294695516308898
0.78112122961847,18,0.789830262110054
0.78112122961847,19,0.630793992827826
0.78112122961847,20,0.884993139472587
0.649689246179638,1,0.864853892397053
0.649689246179638,2,0.444150221370335
0.649689246179638,3,0.938147048462666
0.649689246179638,4,0.220503222909126
0.649689246179638,5,0.653149896064094
0.649689246179638,6,0.860871415475117
0.649689246179638,7,0.455132921673345
0.649689246179638,8,0.942350392073233
0.649689246179638,9,0.206439296404097
0.649689246179638,10,0.622524030556258
0.649689246179638,11,0.892953875357747
0.649689246179638,12,0.363231556997047
0.649689246179638,13,0.878918693394482
0.649689246179638,14,0.40439837042563
0.649689246179638,15,0.915269248006355
0.649689246179638,16,0.294695516308898
0.649689246179638,17,0.789830262110054
0.649689246179638,18,0.630793992827826
0.649689246179638,19,0.884993139472587
0.649689246179638,20,0.386765073724357
0.864853892397053,1,0.444150221370335
0.864853892397053,2,0.938147048462666
0.864853892397053,3,0.220503222909126
0.864853892397053,4,0.653149896064094
0.864853892397053,5,0.860871415475117
0.864853892397053,6,0.455132921673345
0.864853892397053,7,0.942350392073233
0.864853892397053,8,0.206439296404097
0.864853892397053,9,0.622524030556258
0.864853892397053,10,0.892953875357747
0.864853892397053,11,0.363231556997047
0.864853892397053,12,0.878918693394482
0.864853892397053,13,0.40439837042563
0.864853892397053,14,0.915269248006355
0.864853892397053,15,0.294695516308898
0.864853892397053,16,0.789830262110054
0.864853892397053,17,0.630793992827826
0.864853892397053,18,0.884993139472587
0.864853892397053,19,0.386765073724357
0.864853892397053,20,0.901275835591129
0.444150221370335,1,0.938147048462666
0.444150221370335,2,0.220503222909126
0.444150221370335,3,0.653149896064094
0.444150221370335,4,0.860871415475117
0.444150221370335,5,0.455132921673345
0.444150221370335,6,0.942350392073233
0.444150221370335,7,0.206439296404097
0.444150221370335,8,0.622524030556258
0.444150221370335,9,0.892953875357747
0.444150221370335,10,0.363231556997047
0.444150221370335,11,0.878918693394482
0.444150221370335,12,0.40439837042563
0.444150221370335,13,0.915269248006355
0.444150221370335,14,0.294695516308898
0.444150221370335,15,0.789830262110054
0.444150221370335,16,0.630793992827826
0.444150221370335,17,0.884993139472587
0.444150221370335,18,0.386765073724357
0.444150221370335,19,0.901275835591129
0.444150221370335,20,0.338115274328437
0.938147048462666,1,0.220503222909126
0.938147048462666,2,0.653149896064094
0.938147048462666,3,0.860871415475117
0.938147048462666,4,0.455132921673345
0.938147048462666,5,0.942350392073233
0.938147048462666,6,0.206439296404097
0.938147048462666,7,0.622524030556258
0.938147048462666,8,0.892953875357747
0.938147048462666,9,0.363231556997047
0.938147048462666,10,0.878918693394482
0.938147048462666,11,0.40439837042563
0.938147048462666,12,0.915269248006355
0.938147048462666,13,0.294695516308898
0.938147048462666,14,0.789830262110054
0.938147048462666,15,0.630793992827826
0.938147048462666,16,0.884993139472587
0.938147048462666,17,0.386765073724357
0.938147048462666,18,0.901275835591129
0.938147048462666,19,0.338115274328437
0.938147048462666,20,0.850414675258123
0.220503222909126,1,0.653149896064094
0.220503222909126,2,0.860871415475117
0.220503222909126,3,0.455132921673345
0.220503222909126,4,0.942350392073233
0.220503222909126,5,0.206439296404097
0.220503222909126,6,0.622524030556258
0.220503222909126,7,0.892953875357747
0.220503222909126,8,0.363231556997047
0.220503222909126,9,0.878918693394482
0.220503222909126,10,0.40439837042563
0.220503222909126,11,0.915269248006355
0.220503222909126,12,0.294695516308898
0.220503222909126,13,0.789830262110054
0.220503222909126,14,0.630793992827826
0.220503222909126,15,0.884993139472587
0.220503222909126,16,0.386765073724357
0.220503222909126,17,0.901275835591129
0.220503222909126,18,0.338115274328437
0.220503222909126,19,0.850414675258123
0.220503222909126,20,0.483396310382228
0.653149896064094,1,0.860871415475117
0.653149896064094,2,0.455132921673345
0.653149896064094,3,0.942350392073233
0.653149896064094,4,0.206439296404097
0.653149896064094,5,0.622524030556258
0.653149896064094,6,0.892953875357747
0.653149896064094,7,0.363231556997047
0.653149896064094,8,0.878918693394482
0.653149896064094,9,0.40439837042563
0.653149896064094,10,0.915269248006355
0.653149896064094,11,0.294695516308898
0.653149896064094,12,0.789830262110054
0.653149896064094,13,0.630793992827826
0.653149896064094,14,0.884993139472587
0.653149896064094,15,0.386765073724357
0.653149896064094,16,0.901275835591129
0.653149896064094,17,0.338115274328437
0.653149896064094,18,0.850414675258123
0.653149896064094,19,0.483396310382228
0.653149896064094,20,0.948952406466091
0.860871415475117,1,0.455132921673345
0.860871415475117,2,0.942350392073233
0.860871415475117,3,0.206439296404097
0.860871415475117,4,0.622524030556258
0.860871415475117,5,0.892953875357747
0.860871415475117,6,0.363231556997047
0.860871415475117,7,0.878918693394482
0.860871415475117,8,0.40439837042563
0.860871415475117,9,0.915269248006355
0.860871415475117,10,0.294695516308898
0.860871415475117,11,0.789830262110054
0.860871415475117,12,0.630793992827826
0.860871415475117,13,0.884993139472587
0.860871415475117,14,0.386765073724357
0.860871415475117,15,0.901275835591129
0.860871415475117,16,0.338115274328437
0.860871415475117,17,0.850414675258123
0.860871415475117,18,0.483396310382228
0.860871415475117,19,0.948952406466091
0.860871415475117,20,0.184078599567562
0.455132921673345,1,0.942350392073233
0.455132921673345,2,0.206439296404097
0.455132921673345,3,0.622524030556258
0.455132921673345,4,0.892953875357747
0.455132921673345,5,0.363231556997047
0.455132921673345,6,0.878918693394482
0.455132921673345,7,0.40439837042563
0.455132921673345,8,0.915269248006355
0.455132921673345,9,0.294695516308898
0.455132921673345,10,0.789830262110054
0.455132921673345,11,0.630793992827826
0.455132921673345,12,0.884993139472587
0.455132921673345,13,0.386765073724357
0.455132921673345,14,0.901275835591129
0.455132921673345,15,0.338115274328437
0.455132921673345,16,0.850414675258123
0.455132921673345,17,0.483396310382228
0.455132921673345,18,0.948952406466091
0.455132921673345,19,0.184078599567562
0.455132921673345,20,0.570735941245467
0.942350392073233,1,0.206439296404097
0.942350392073233,2,0.622524030556258
0.942350392073233,3,0.892953875357747
0.942350392073233,4,0.363231556997047
0.942350392073233,5,0.878918693394482
0.942350392073233,6,0.40439837042563
0.942350392073233,7,0.915269248006355
0.942350392073233,8,0.294695516308898
0.942350392073233,9,0.789830262110054
0.942350392073233,10,0.630793992827826
0.942350392073233,11,0.884993139472587
0.942350392073233,12,0.386765073724357
0.942350392073233,13,0.901275835591129
0.942350392073233,14,0.338115274328437
0.942350392073233,15,0.850414675258123
0.942350392073233,16,0.483396310382228
0.942350392073233,17,0.948952406466091
0.942350392073233,18,0.184078599567562
0.942350392073233,19,0.570735941245467
0.942350392073233,20,0.930986421141248
0.206439296404097,1,0.622524030556258
0.206439296404097,2,0.892953875357747
0.206439296404097,3,0.363231556997047
0.206439296404097,4,0.878918693394482
0.206439296404097,5,0.40439837042563
0.206439296404097,6,0.915269248006355
0.206439296404097,7,0.294695516308898
0.206439296404097,8,0.789830262110054
0.206439296404097,9,0.630793992827826
0.206439296404097,10,0.884993139472587
0.206439296404097,11,0.386765073724357
0.206439296404097,12,0.901275835591129
0.206439296404097,13,0.338115274328437
0.206439296404097,14,0.850414675258123
0.206439296404097,15,0.483396310382228
0.206439296404097,16,0.948952406466091
0.206439296404097,17,0.184078599567562
0.206439296404097,18,0.570735941245467
0.206439296404097,19,0.930986421141248
0.206439296404097,20,0.244152678209064
0.622524030556258,1,0.892953875357747
0.622524030556258,2,0.363231556997047
0.622524030556258,3,0.878918693394482
0.622524030556258,4,0.40439837042563
0.622524030556258,5,0.915269248006355
0.622524030556258,6,0.294695516308898
0.622524030556258,7,0.789830262110054
0.622524030556258,8,0.630793992827826
0.622524030556258,9,0.884993139472587
0.622524030556258,10,0.386765073724357
0.622524030556258,11,0.901275835591129
0.622524030556258,12,0.338115274328437
0.622524030556258,13,0.850414675258123
0.622524030556258,14,0.483396310382228
0.622524030556258,15,0.948952406466091
0.622524030556258,16,0.184078599567562
0.622524030556258,17,0.570735941245467
0.622524030556258,18,0.930986421141248
0.622524030556258,19,0.244152678209064
0.622524030556258,20,0.70126016214314
0.892953875357747,1,0.363231556997047
0.892953875357747,2,0.878918693394482
0.892953875357747,3,0.40439837042563
0.892953875357747,4,0.915269248006355
0.892953875357747,5,0.294695516308898
0.892953875357747,6,0.789830262110054
0.892953875357747,7,0.630793992827826
0.892953875357747,8,0.884993139472587
0.892953875357747,9,0.386765073724357
0.892953875357747,10,0.901275835591129
0.892953875357747,11,0.338115274328437
0.892953875357747,12,0.850414675258123
0.892953875357747,13,0.483396310382228
0.892953875357747,14,0.948952406466091
0.892953875357747,15,0.184078599567562
0.892953875357747,16,0.570735941245467
0.892953875357747,17,0.930986421141248
0.892953875357747,18,0.244152678209064
0.892953875357747,19,0.70126016214314
0.892953875357747,20,0.796078519109645
0.363231556997047,1,0.878918693394482
0.363231556997047,2,0.40439837042563
0.363231556997047,3,0.915269248006355
0.363231556997047,4,0.294695516308898
0.363231556997047,5,0.789830262110054
0.363231556997047,6,0.630793992827826
0.363231556997047,7,0.884993139472587
0.363231556997047,8,0.386765073724357
0.363231556997047,9,0.901275835591129
0.363231556997047,10,0.338115274328437
0.363231556997047,11,0.850414675258123
0.363231556997047,12,0.483396310382228
0.363231556997047,13,0.948952406466091
0.363231556997047,14,0.184078599567562
0.363231556997047,15,0.570735941245467
0.363231556997047,16,0.930986421141248
0.363231556997047,17,0.244152678209064
0.363231556997047,18,0.70126016214314
0.363231556997047,19,0.796078519109645
0.363231556997047,20,0.61688253998299
0.878918693394482,1,0.40439837042563
0.878918693394482,2,0.915269248006355
0.878918693394482,3,0.294695516308898
0.878918693394482,4,0.789830262110054
0.878918693394482,5,0.630793992827826
0.878918693394482,6,0.884993139472587
0.878918693394482,7,0.386765073724357
0.878918693394482,8,0.901275835591129
0.878918693394482,9,0.338115274328437
0.878918693394482,10,0.850414675258123
0.878918693394482,11,0.483396310382228
0.878918693394482,12,0.948952406466091
0.878918693394482,13,0.184078599567562
0.878918693394482,14,0.570735941245467
0.878918693394482,15,0.930986421141248
0.878918693394482,16,0.244152678209064
0.878918693394482,17,0.70126016214314
0.878918693394482,18,0.796078519109645
0.878918693394482,19,0.61688253998299
0.878918693394482,20,0.898086193019074
0.40439837042563,1,0.915269248006355
0.40439837042563,2,0.294695516308898
0.40439837042563,3,0.789830262110054
0.40439837042563,4,0.630793992827826
0.40439837042563,5,0.884993139472587
0.40439837042563,6,0.386765073724357
0.40439837042563,7,0.901275835591129
0.40439837042563,8,0.338115274328437
0.40439837042563,9,0.850414675258123
0.40439837042563,10,0.483396310382228
0.40439837042563,11,0.948952406466091
0.40439837042563,12,0.184078599567562
0.40439837042563,13,0.570735941245467
0.40439837042563,14,0.930986421141248
0.40439837042563,15,0.244152678209064
0.40439837042563,16,0.70126016214314
0.40439837042563,17,0.796078519109645
0.40439837042563,18,0.61688253998299
0.40439837042563,19,0.898086193019074
0.40439837042563,20,0.347804055124806
0.915269248006355,1,0.294695516308898
0.915269248006355,2,0.789830262110054
0.915269248006355,3,0.630793992827826
0.915269248006355,4,0.884993139472587
0.915269248006355,5,0.386765073724357
0.915269248006355,6,0.901275835591129
0.915269248006355,7,0.338115274328437
0.915269248006355,8,0.850414675258123
0.915269248006355,9,0.483396310382228
0.915269248006355,10,0.948952406466091
0.915269248006355,11,0.184078599567562
0.915269248006355,12,0.570735941245467
0.915269248006355,13,0.930986421141248
0.915269248006355,14,0.244152678209064
0.915269248006355,15,0.70126016214314
0.915269248006355,16,0.796078519109645
0.915269248006355,17,0.61688253998299
0.915269248006355,18,0.898086193019074
0.915269248006355,19,0.347804055124806
0.915269248006355,20,0.861978298581478
0.294695516308898,1,0.789830262110054
0.294695516308898,2,0.630793992827826
0.294695516308898,3,0.884993139472587
0.294695516308898,4,0.386765073724357
0.294695516308898,5,0.901275835591129
0.294695516308898,6,0.338115274328437
0.294695516308898,7,0.850414675258123
0.294695516308898,8,0.483396310382228
0.294695516308898,9,0.948952406466091
0.294695516308898,10,0.184078599567562
0.294695516308898,11,0.570735941245467
0.294695516308898,12,0.930986421141248
0.294695516308898,13,0.244152678209064
0.294695516308898,14,0.70126016214314
0.294695516308898,15,0.796078519109645
0.294695516308898,16,0.61688253998299
0.294695516308898,17,0.898086193019074
0.294695516308898,18,0.347804055124806
0.294695516308898,19,0.861978298581478
0.294695516308898,20,0.452092503153022
0.789830262110054,1,0.630793992827826
0.789830262110054,2,0.884993139472587
0.789830262110054,3,0.386765073724357
0.789830262110054,4,0.901275835591129
0.789830262110054,5,0.338115274328437
0.789830262110054,6,0.850414675258123
0.789830262110054,7,0.483396310382228
0.789830262110054,8,0.948952406466091
0.789830262110054,9,0.184078599567562
0.789830262110054,10,0.570735941245467
0.789830262110054,11,0.930986421141248
0.789830262110054,12,0.244152678209064
0.789830262110054,13,0.70126016214314
0.789830262110054,14,0.796078519109645
0.789830262110054,15,0.61688253998299
0.789830262110054,16,0.898086193019074
0.789830262110054,17,0.347804055124806
0.789830262110054,18,0.861978298581478
0.789830262110054,19,0.452092503153022
0.789830262110054,20,0.941278512634256
0.630793992827826,1,0.884993139472587
0.630793992827826,2,0.386765073724357
0.630793992827826,3,0.901275835591129
0.630793992827826,4,0.338115274328437
0.630793992827826,5,0.850414675258123
0.630793992827826,6,0.483396310382228
0.630793992827826,7,0.948952406466091
0.630793992827826,8,0.184078599567562
0.630793992827826,9,0.570735941245467
0.630793992827826,10,0.930986421141248
0.630793992827826,11,0.244152678209064
0.630793992827826,12,0.70126016214314
0.630793992827826,13,0.796078519109645
0.630793992827826,14,0.61688253998299
0.630793992827826,15,0.898086193019074
0.630793992827826,16,0.347804055124806
0.630793992827826,17,0.861978298581478
0.630793992827826,18,0.452092503153022
0.630793992827826,19,0.941278512634256
0.630793992827826,20,0.210038442291735
0.884993139472587,1,0.386765073724357
0.884993139472587,2,0.901275835591129
0.884993139472587,3,0.338115274328437
0.884993139472587,4,0.850414675258123
0.884993139472587,5,0.483396310382228
0.884993139472587,6,0.948952406466091
0.884993139472587,7,0.184078599567562
0.884993139472587,8,0.570735941245467
0.884993139472587,9,0.930986421141248
0.884993139472587,10,0.244152678209064
0.884993139472587,11,0.70126016214314
0.884993139472587,12,0.796078519109645
0.884993139472587,13,0.61688253998299
0.884993139472587,14,0.898086193019074
0.884993139472587,15,0.347804055124806
0.884993139472587,16,0.861978298581478
0.884993139472587,17,0.452092503153022
0.884993139472587,18,0.941278512634256
0.884993139472587,19,0.210038442291735
0.884993139472587,20,0.630504721195307
0.386765073724357,1,0.901275835591129
0.386765073724357,2,0.338115274328437
0.386765073724357,3,0.850414675258123
0.386765073724357,4,0.483396310382228
0.386765073724357,5,0.948952406466091
0.386765073724357,6,0.184078599567562
0.386765073724357,7,0.570735941245467
0.386765073724357,8,0.930986421141248
0.386765073724357,9,0.244152678209064
0.386765073724357,10,0.70126016214314
0.386765073724357,11,0.796078519109645
0.386765073724357,12,0.61688253998299
0.386765073724357,13,0.898086193019074
0.386765073724357,14,0.347804055124806
0.386765073724357,15,0.861978298581478
0.386765073724357,16,0.452092503153022
0.386765073724357,17,0.941278512634256
0.386765073724357,18,0.210038442291735
0.386765073724357,19,0.630504721195307
0.386765073724357,20,0.885280367433794
0.901275835591129,1,0.338115274328437
0.901275835591129,2,0.850414675258123
0.901275835591129,3,0.483396310382228
0.901275835591129,4,0.948952406466091
0.901275835591129,5,0.184078599567562
0.901275835591129,6,0.570735941245467
0.901275835591129,7,0.930986421141248
0.901275835591129,8,0.244152678209064
0.901275835591129,9,0.70126016214314
0.901275835591129,10,0.796078519109645
0.901275835591129,11,0.61688253998299
0.901275835591129,12,0.898086193019074
0.901275835591129,13,0.347804055124806
0.901275835591129,14,0.861978298581478
0.901275835591129,15,0.452092503153022
0.901275835591129,16,0.941278512634256
0.901275835591129,17,0.210038442291735
0.901275835591129,18,0.630504721195307
0.901275835591129,19,0.885280367433794
0.901275835591129,20,0.385924346186307
0.338115274328437,1,0.850414675258123
0.338115274328437,2,0.483396310382228
0.338115274328437,3,0.948952406466091
0.338115274328437,4,0.184078599567562
0.338115274328437,5,0.570735941245467
0.338115274328437,6,0.930986421141248
0.338115274328437,7,0.244152678209064
0.338115274328437,8,0.70126016214314
0.338115274328437,9,0.796078519109645
0.338115274328437,10,0.61688253998299
0.338115274328437,11,0.898086193019074
0.338115274328437,12,0.347804055124806
0.338115274328437,13,0.861978298581478
0.338115274328437,14,0.452092503153022
0.338115274328437,15,0.941278512634256
0.338115274328437,16,0.210038442291735
0.338115274328437,17,0.630504721195307
0.338115274328437,18,0.885280367433794
0.338115274328437,19,0.385924346186307
0.338115274328437,20,0.900549631786518
0.850414675258123,1,0.483396310382228
0.850414675258123,2,0.948952406466091
0.850414675258123,3,0.184078599567562
0.850414675258123,4,0.570735941245467
0.850414675258123,5,0.930986421141248
0.850414675258123,6,0.244152678209064
0.850414675258123,7,0.70126016214314
0.850414675258123,8,0.796078519109645
0.850414675258123,9,0.61688253998299
0.850414675258123,10,0.898086193019074
0.850414675258123,11,0.347804055124806
0.850414675258123,12,0.861978298581478
0.850414675258123,13,0.452092503153022
0.850414675258123,14,0.941278512634256
0.850414675258123,15,0.210038442291735
0.850414675258123,16,0.630504721195307
0.850414675258123,17,0.885280367433794
0.850414675258123,18,0.385924346186307
0.850414675258123,19,0.900549631786518
0.850414675258123,20,0.340327971407602
0.483396310382228,1,0.948952406466091
0.483396310382228,2,0.184078599567562
0.483396310382228,3,0.570735941245467
0.483396310382228,4,0.930986421141248
0.483396310382228,5,0.244152678209064
0.483396310382228,6,0.70126016214314
0.483396310382228,7,0.796078519109645
0.483396310382228,8,0.61688253998299
0.483396310382228,9,0.898086193019074
0.483396310382228,10,0.347804055124806
0.483396310382228,11,0.861978298581478
0.483396310382228,12,0.452092503153022
0.483396310382228,13,0.941278512634256
0.483396310382228,14,0.210038442291735
0.483396310382228,15,0.630504721195307
0.483396310382228,16,0.885280367433794
0.483396310382228,17,0.385924346186307
0.483396310382228,18,0.900549631786518
0.483396310382228,19,0.340327971407602
0.483396310382228,20,0.853118404483716
0.948952406466091,1,0.184078599567562
0.948952406466091,2,0.570735941245467
0.948952406466091,3,0.930986421141248
0.948952406466091,4,0.244152678209064
0.948952406466091,5,0.70126016214314
0.948952406466091,6,0.796078519109645
0.948952406466091,7,0.61688253998299
0.948952406466091,8,0.898086193019074
0.948952406466091,9,0.347804055124806
0.948952406466091,10,0.861978298581478
0.948952406466091,11,0.452092503153022
0.948952406466091,12,0.941278512634256
0.948952406466091,13,0.210038442291735
0.948952406466091,14,0.630504721195307
0.948952406466091,15,0.885280367433794
0.948952406466091,16,0.385924346186307
0.948952406466091,17,0.900549631786518
0.948952406466091,18,0.340327971407602
0.948952406466091,19,0.853118404483716
0.948952406466091,20,0.476168091176524
0.184078599567562,1,0.570735941245467
0.184078599567562,2,0.930986421141248
0.184078599567562,3,0.244152678209064
0.184078599567562,4,0.70126016214314
0.184078599567562,5,0.796078519109645
0.184078599567562,6,0.61688253998299
0.184078599567562,7,0.898086193019074
0.184078599567562,8,0.347804055124806
0.184078599567562,9,0.861978298581478
0.184078599567562,10,0.452092503153022
0.184078599567562,11,0.941278512634256
0.184078599567562,12,0.210038442291735
0.184078599567562,13,0.630504721195307
0.184078599567562,14,0.885280367433794
0.184078599567562,15,0.385924346186307
0.184078599567562,16,0.900549631786518
0.184078599567562,17,0.340327971407602
0.184078599567562,18,0.853118404483716
0.184078599567562,19,0.476168091176524
0.184078599567562,20,0.947841752462952
0.570735941245467,1,0.930986421141248
0.570735941245467,2,0.244152678209064
0.570735941245467,3,0.70126016214314
0.570735941245467,4,0.796078519109645
0.570735941245467,5,0.61688253998299
0.570735941245467,6,0.898086193019074
0.570735941245467,7,0.347804055124806
0.570735941245467,8,0.861978298581478
0.570735941245467,9,0.452092503153022
0.570735941245467,10,0.941278512634256
0.570735941245467,11,0.210038442291735
0.570735941245467,12,0.630504721195307
0.570735941245467,13,0.885280367433794
0.570735941245467,14,0.385924346186307
0.570735941245467,15,0.900549631786518
0.570735941245467,16,0.340327971407602
0.570735941245467,17,0.853118404483716
0.570735941245467,18,0.476168091176524
0.570735941245467,19,0.947841752462952
0.570735941245467,20,0.187863506053466
0.930986421141248,1,0.244152678209064
0.930986421141248,2,0.70126016214314
0.930986421141248,3,0.796078519109645
0.930986421141248,4,0.61688253998299
0.930986421141248,5,0.898086193019074
0.930986421141248,6,0.347804055124806
0.930986421141248,7,0.861978298581478
0.930986421141248,8,0.452092503153022
0.930986421141248,9,0.941278512634256
0.930986421141248,10,0.210038442291735
0.930986421141248,11,0.630504721195307
0.930986421141248,12,0.885280367433794
0.930986421141248,13,0.385924346186307
0.930986421141248,14,0.900549631786518
0.930986421141248,15,0.340327971407602
0.930986421141248,16,0.853118404483716
0.930986421141248,17,0.476168091176524
0.930986421141248,18,0.947841752462952
0.930986421141248,19,0.187863506053466
0.930986421141248,20,0.579769074757708
0.244152678209064,1,0.70126016214314
0.244152678209064,2,0.796078519109645
0.244152678209064,3,0.61688253998299
0.244152678209064,4,0.898086193019074
0.244152678209064,5,0.347804055124806
0.244152678209064,6,0.861978298581478
0.244152678209064,7,0.452092503153022
0.244152678209064,8,0.941278512634256
0.244152678209064,9,0.210038442291735
0.244152678209064,10,0.630504721195307
0.244152678209064,11,0.885280367433794
0.244152678209064,12,0.385924346186307
0.244152678209064,13,0.900549631786518
0.244152678209064,14,0.340327971407602
0.244152678209064,15,0.853118404483716
0.244152678209064,16,0.476168091176524
0.244152678209064,17,0.947841752462952
0.244152678209064,18,0.187863506053466
0.244152678209064,19,0.579769074757708
0.244152678209064,20,0.925820199906737
0.70126016214314,1,0.796078519109645
0.70126016214314,2,0.61688253998299
0.70126016214314,3,0.898086193019074
0.70126016214314,4,0.347804055124806
0.70126016214314,5,0.861978298581478
0.70126016214314,6,0.452092503153022
0.70126016214314,7,0.941278512634256
0.70126016214314,8,0.210038442291735
0.70126016214314,9,0.630504721195307
0.70126016214314,10,0.885280367433794
0.70126016214314,11,0.385924346186307
0.70126016214314,12,0.900549631786518
0.70126016214314,13,0.340327971407602
0.70126016214314,14,0.853118404483716
0.70126016214314,15,0.476168091176524
0.70126016214314,16,0.947841752462952
0.70126016214314,17,0.187863506053466
0.70126016214314,18,0.579769074757708
0.70126016214314,19,0.925820199906737
0.70126016214314,20,0.260973197935269
0.796078519109645,1,0.61688253998299
0.796078519109645,2,0.898086193019074
0.796078519109645,3,0.347804055124806
0.796078519109645,4,0.861978298581478
0.796078519109645,5,0.452092503153022
0.796078519109645,6,0.941278512634256
0.796078519109645,7,0.210038442291735
0.796078519109645,8,0.630504721195307
0.796078519109645,9,0.885280367433794
0.796078519109645,10,0.385924346186307
0.796078519109645,11,0.900549631786518
0.796078519109645,12,0.340327971407602
0.796078519109645,13,0.853118404483716
0.796078519109645,14,0.476168091176524
0.796078519109645,15,0.947841752462952
0.796078519109645,16,0.187863506053466
0.796078519109645,17,0.579769074757708
0.796078519109645,18,0.925820199906737
0.796078519109645,19,0.260973197935269
0.796078519109645,20,0.73289151399989
0.61688253998299,1,0.898086193019074
0.61688253998299,2,0.347804055124806
0.61688253998299,3,0.861978298581478
0.61688253998299,4,0.452092503153022
0.61688253998299,5,0.941278512634256
0.61688253998299,6,0.210038442291735
0.61688253998299,7,0.630504721195307
0.61688253998299,8,0.885280367433794
0.61688253998299,9,0.385924346186307
0.61688253998299,10,0.900549631786518
0.61688253998299,11,0.340327971407602
0.61688253998299,12,0.853118404483716
0.61688253998299,13,0.476168091176524
0.61688253998299,14,0.947841752462952
0.61688253998299,15,0.187863506053466
0.61688253998299,16,0.579769074757708
0.61688253998299,17,0.925820199906737
0.61688253998299,18,0.260973197935269
0.61688253998299,19,0.73289151399989
0.61688253998299,20,0.743893862285988
0.898086193019074,1,0.347804055124806
0.898086193019074,2,0.861978298581478
0.898086193019074,3,0.452092503153022
0.898086193019074,4,0.941278512634256
0.898086193019074,5,0.210038442291735
0.898086193019074,6,0.630504721195307
0.898086193019074,7,0.885280367433794
0.898086193019074,8,0.385924346186307
0.898086193019074,9,0.900549631786518
0.898086193019074,10,0.340327971407602
0.898086193019074,11,0.853118404483716
0.898086193019074,12,0.476168091176524
0.898086193019074,13,0.947841752462952
0.898086193019074,14,0.187863506053466
0.898086193019074,15,0.579769074757708
0.898086193019074,16,0.925820199906737
0.898086193019074,17,0.260973197935269
0.898086193019074,18,0.73289151399989
0.898086193019074,19,0.743893862285988
0.898086193019074,20,0.723959978969049
0.347804055124806,1,0.861978298581478
0.347804055124806,2,0.452092503153022
0.347804055124806,3,0.941278512634256
0.347804055124806,4,0.210038442291735
0.347804055124806,5,0.630504721195307
0.347804055124806,6,0.885280367433794
0.347804055124806,7,0.385924346186307
0.347804055124806,8,0.900549631786518
0.347804055124806,9,0.340327971407602
0.347804055124806,10,0.853118404483716
0.347804055124806,11,0.476168091176524
0.347804055124806,12,0.947841752462952
0.347804055124806,13,0.187863506053466
0.347804055124806,14,0.579769074757708
0.347804055124806,15,0.925820199906737
0.347804055124806,16,0.260973197935269
0.347804055124806,17,0.73289151399989
0.347804055124806,18,0.743893862285988
0.347804055124806,19,0.723959978969049
0.347804055124806,20,0.759399325716696
0.861978298581478,1,0.452092503153022
0.861978298581478,2,0.941278512634256
0.861978298581478,3,0.210038442291735
0.861978298581478,4,0.630504721195307
0.861978298581478,5,0.885280367433794
0.861978298581478,6,0.385924346186307
0.861978298581478,7,0.900549631786518
0.861978298581478,8,0.340327971407602
0.861978298581478,9,0.853118404483716
0.861978298581478,10,0.476168091176524
0.861978298581478,11,0.947841752462952
0.861978298581478,12,0.187863506053466
0.861978298581478,13,0.579769074757708
0.861978298581478,14,0.925820199906737
0.861978298581478,15,0.260973197935269
0.861978298581478,16,0.73289151399989
0.861978298581478,17,0.743893862285988
0.861978298581478,18,0.723959978969049
0.861978298581478,19,0.759399325716696
0.861978298581478,20,0.694305561307349
0.452092503153022,1,0.941278512634256
0.452092503153022,2,0.210038442291735
0.452092503153022,3,0.630504721195307
0.452092503153022,4,0.885280367433794
0.452092503153022,5,0.385924346186307
0.452092503153022,6,0.900549631786518
0.452092503153022,7,0.340327971407602
0.452092503153022,8,0.853118404483716
0.452092503153022,9,0.476168091176524
0.452092503153022,10,0.947841752462952
0.452092503153022,11,0.187863506053466
0.452092503153022,12,0.579769074757708
0.452092503153022,13,0.925820199906737
0.452092503153022,14,0.260973197935269
0.452092503153022,15,0.73289151399989
0.452092503153022,16,0.743893862285988
0.452092503153022,17,0.723959978969049
0.452092503153022,18,0.759399325716696
0.452092503153022,19,0.694305561307349
0.452092503153022,20,0.806532325611137
0.941278512634256,1,0.210038442291735
0.941278512634256,2,0.630504721195307
0.941278512634256,3,0.885280367433794
0.941278512634256,4,0.385924346186307
0.941278512634256,5,0.900549631786518
0.941278512634256,6,0.340327971407602
0.941278512634256,7,0.853118404483716
0.941278512634256,8,0.476168091176524
0.941278512634256,9,0.947841752462952
0.941278512634256,10,0.187863506053466
0.941278512634256,11,0.579769074757708
0.941278512634256,12,0.925820199906737
0.941278512634256,13,0.260973197935269
0.941278512634256,14,0.73289151399989
0.941278512634256,15,0.743893862285988
0.941278512634256,16,0.723959978969049
0.941278512634256,17,0.759399325716696
0.941278512634256,18,0.694305561307349
0.941278512634256,19,0.806532325611137
0.941278512634256,20,0.592944146750626
0.210038442291735,1,0.630504721195307
0.210038442291735,2,0.885280367433794
0.210038442291735,3,0.385924346186307
0.210038442291735,4,0.900549631786518
0.210038442291735,5,0.340327971407602
0.210038442291735,6,0.853118404483716
0.210038442291735,7,0.476168091176524
0.210038442291735,8,0.947841752462952
0.210038442291735,9,0.187863506053466
0.210038442291735,10,0.579769074757708
0.210038442291735,11,0.925820199906737
0.210038442291735,12,0.260973197935269
0.210038442291735,13,0.73289151399989
0.210038442291735,14,0.743893862285988
0.210038442291735,15,0.723959978969049
0.210038442291735,16,0.759399325716696
0.210038442291735,17,0.694305561307349
0.210038442291735,18,0.806532325611137
0.210038442291735,19,0.592944146750626
0.210038442291735,20,0.917173265222233
0.630504721195307,1,0.885280367433794
0.630504721195307,2,0.385924346186307
0.630504721195307,3,0.900549631786518
0.630504721195307,4,0.340327971407602
0.630504721195307,5,0.853118404483716
0.630504721195307,6,0.476168091176524
0.630504721195307,7,0.947841752462952
0.630504721195307,8,0.187863506053466
0.630504721195307,9,0.579769074757708
0.630504721195307,10,0.925820199906737
0.630504721195307,11,0.260973197935269
0.630504721195307,12,0.73289151399989
0.630504721195307,13,0.743893862285988
0.630504721195307,14,0.723959978969049
0.630504721195307,15,0.759399325716696
0.630504721195307,16,0.694305561307349
0.630504721195307,17,0.806532325611137
0.630504721195307,18,0.592944146750626
0.630504721195307,19,0.917173265222233
0.630504721195307,20,0.288672573778518
0.885280367433794,1,0.385924346186307
0.885280367433794,2,0.900549631786518
0.885280367433794,3,0.340327971407602
0.885280367433794,4,0.853118404483716
0.885280367433794,5,0.476168091176524
0.885280367433794,6,0.947841752462952
0.885280367433794,7,0.187863506053466
0.885280367433794,8,0.579769074757708
0.885280367433794,9,0.925820199906737
0.885280367433794,10,0.260973197935269
0.885280367433794,11,0.73289151399989
0.885280367433794,12,0.743893862285988
0.885280367433794,13,0.723959978969049
0.885280367433794,14,0.759399325716696
0.885280367433794,15,0.694305561307349
0.885280367433794,16,0.806532325611137
0.885280367433794,17,0.592944146750626
0.885280367433794,18,0.917173265222233
0.885280367433794,19,0.288672573778518
0.885280367433794,20,0.780294731921096
0.385924346186307,1,0.900549631786518
0.385924346186307,2,0.340327971407602
0.385924346186307,3,0.853118404483716
0.385924346186307,4,0.476168091176524
0.385924346186307,5,0.947841752462952
0.385924346186307,6,0.187863506053466
0.385924346186307,7,0.579769074757708
0.385924346186307,8,0.925820199906737
0.385924346186307,9,0.260973197935269
0.385924346186307,10,0.73289151399989
0.385924346186307,11,0.743893862285988
0.385924346186307,12,0.723959978969049
0.385924346186307,13,0.759399325716696
0.385924346186307,14,0.694305561307349
0.385924346186307,15,0.806532325611137
0.385924346186307,16,0.592944146750626
0.385924346186307,17,0.917173265222233
0.385924346186307,18,0.288672573778518
0.385924346186307,19,0.780294731921096
0.385924346186307,20,0.651452480377668
0.900549631786518,1,0.340327971407602
0.900549631786518,2,0.853118404483716
0.900549631786518,3,0.476168091176524
0.900549631786518,4,0.947841752462952
0.900549631786518,5,0.187863506053466
0.900549631786518,6,0.579769074757708
0.900549631786518,7,0.925820199906737
0.900549631786518,8,0.260973197935269
0.900549631786518,9,0.73289151399989
0.900549631786518,10,0.743893862285988
0.900549631786518,11,0.723959978969049
0.900549631786518,12,0.759399325716696
0.900549631786518,13,0.694305561307349
0.900549631786518,14,0.806532325611137
0.900549631786518,15,0.592944146750626
0.900549631786518,16,0.917173265222233
0.900549631786518,17,0.288672573778518
0.900549631786518,18,0.780294731921096
0.900549631786518,19,0.651452480377668
0.900549631786518,20,0.862836155512318
0.340327971407602,1,0.853118404483716
0.340327971407602,2,0.476168091176524
0.340327971407602,3,0.947841752462952
0.340327971407602,4,0.187863506053466
0.340327971407602,5,0.579769074757708
0.340327971407602,6,0.925820199906737
0.340327971407602,7,0.260973197935269
0.340327971407602,8,0.73289151399989
0.340327971407602,9,0.743893862285988
0.340327971407602,10,0.723959978969049
0.340327971407602,11,0.759399325716696
0.340327971407602,12,0.694305561307349
0.340327971407602,13,0.806532325611137
0.340327971407602,14,0.592944146750626
0.340327971407602,15,0.917173265222233
0.340327971407602,16,0.288672573778518
0.340327971407602,17,0.780294731921096
0.340327971407602,18,0.651452480377668
0.340327971407602,19,0.862836155512318
0.340327971407602,20,0.449729712161556
0.853118404483716,1,0.476168091176524
0.853118404483716,2,0.947841752462952
0.853118404483716,3,0.187863506053466
0.853118404483716,4,0.579769074757708
0.853118404483716,5,0.925820199906737
0.853118404483716,6,0.260973197935269
0.853118404483716,7,0.73289151399989
0.853118404483716,8,0.743893862285988
0.853118404483716,9,0.723959978969049
0.853118404483716,10,0.759399325716696
0.853118404483716,11,0.694305561307349
0.853118404483716,12,0.806532325611137
0.853118404483716,13,0.592944146750626
0.853118404483716,14,0.917173265222233
0.853118404483716,15,0.288672573778518
0.853118404483716,16,0.780294731921096
0.853118404483716,17,0.651452480377668
0.853118404483716,18,0.862836155512318
0.853118404483716,19,0.449729712161556
0.853118404483716,20,0.940397013010432
0.476168091176524,1,0.947841752462952
0.476168091176524,2,0.187863506053466
0.476168091176524,3,0.579769074757708
0.476168091176524,4,0.925820199906737
0.476168091176524,5,0.260973197935269
0.476168091176524,6,0.73289151399989
0.476168091176524,7,0.743893862285988
0.476168091176524,8,0.723959978969049
0.476168091176524,9,0.759399325716696
0.476168091176524,10,0.694305561307349
0.476168091176524,11,0.806532325611137
0.476168091176524,12,0.592944146750626
0.476168091176524,13,0.917173265222233
0.476168091176524,14,0.288672573778518
0.476168091176524,15,0.780294731921096
0.476168091176524,16,0.651452480377668
0.476168091176524,17,0.862836155512318
0.476168091176524,18,0.449729712161556
0.476168091176524,19,0.940397013010432
0.476168091176524,20,0.21299178953966
0.947841752462952,1,0.187863506053466
0.947841752462952,2,0.579769074757708
0.947841752462952,3,0.925820199906737
0.947841752462952,4,0.260973197935269
0.947841752462952,5,0.73289151399989
0.947841752462952,6,0.743893862285988
0.947841752462952,7,0.723959978969049
0.947841752462952,8,0.759399325716696
0.947841752462952,9,0.694305561307349
0.947841752462952,10,0.806532325611137
0.947841752462952,11,0.592944146750626
0.947841752462952,12,0.917173265222233
0.947841752462952,13,0.288672573778518
0.947841752462952,14,0.780294731921096
0.947841752462952,15,0.651452480377668
0.947841752462952,16,0.862836155512318
0.947841752462952,17,0.449729712161556
0.947841752462952,18,0.940397013010432
0.947841752462952,19,0.21299178953966
0.947841752462952,20,0.636979891087742
0.187863506053466,1,0.579769074757708
0.187863506053466,2,0.925820199906737
0.187863506053466,3,0.260973197935269
0.187863506053466,4,0.73289151399989
0.187863506053466,5,0.743893862285988
0.187863506053466,6,0.723959978969049
0.187863506053466,7,0.759399325716696
0.187863506053466,8,0.694305561307349
0.187863506053466,9,0.806532325611137
0.187863506053466,10,0.592944146750626
0.187863506053466,11,0.917173265222233
0.187863506053466,12,0.288672573778518
0.187863506053466,13,0.780294731921096
0.187863506053466,14,0.651452480377668
0.187863506053466,15,0.862836155512318
0.187863506053466,16,0.449729712161556
0.187863506053466,17,0.940397013010432
0.187863506053466,18,0.21299178953966
0.187863506053466,19,0.636979891087742
0.187863506053466,20,0.878698735862843
0.579769074757708,1,0.925820199906737
0.579769074757708,2,0.260973197935269
0.579769074757708,3,0.73289151399989
0.579769074757708,4,0.743893862285988
0.579769074757708,5,0.723959978969049
0.579769074757708,6,0.759399325716696
0.579769074757708,7,0.694305561307349
0.579769074757708,8,0.806532325611137
0.579769074757708,9,0.592944146750626
0.579769074757708,10,0.917173265222233
0.579769074757708,11,0.288672573778518
0.579769074757708,12,0.780294731921096
0.579769074757708,13,0.651452480377668
0.579769074757708,14,0.862836155512318
0.579769074757708,15,0.449729712161556
0.579769074757708,16,0.940397013010432
0.579769074757708,17,0.21299178953966
0.579769074757708,18,0.636979891087742
0.579769074757708,19,0.878698735862843
0.579769074757708,20,0.405031616332362
0.925820199906737,1,0.260973197935269
0.925820199906737,2,0.73289151399989
0.925820199906737,3,0.743893862285988
0.925820199906737,4,0.723959978969049
0.925820199906737,5,0.759399325716696
0.925820199906737,6,0.694305561307349
0.925820199906737,7,0.806532325611137
0.925820199906737,8,0.592944146750626
0.925820199906737,9,0.917173265222233
0.925820199906737,10,0.288672573778518
0.925820199906737,11,0.780294731921096
0.925820199906737,12,0.651452480377668
0.925820199906737,13,0.862836155512318
0.925820199906737,14,0.449729712161556
0.925820199906737,15,0.940397013010432
0.925820199906737,16,0.21299178953966
0.925820199906737,17,0.636979891087742
0.925820199906737,18,0.878698735862843
0.925820199906737,19,0.405031616332362
0.925820199906737,20,0.915727823193514
0.260973197935269,1,0.73289151399989
0.260973197935269,2,0.743893862285988
0.260973197935269,3,0.723959978969049
0.260973197935269,4,0.759399325716696
0.260973197935269,5,0.694305561307349
0.260973197935269,6,0.806532325611137
0.260973197935269,7,0.592944146750626
0.260973197935269,8,0.917173265222233
0.260973197935269,9,0.288672573778518
0.260973197935269,10,0.780294731921096
0.260973197935269,11,0.651452480377668
0.260973197935269,12,0.862836155512318
0.260973197935269,13,0.449729712161556
0.260973197935269,14,0.940397013010432
0.260973197935269,15,0.21299178953966
0.260973197935269,16,0.636979891087742
0.260973197935269,17,0.878698735862843
0.260973197935269,18,0.405031616332362
0.260973197935269,19,0.915727823193514
0.260973197935269,20,0.293247432686573
0.73289151399989,1,0.743893862285988
0.73289151399989,2,0.723959978969049
0.73289151399989,3,0.759399325716696
0.73289151399989,4,0.694305561307349
0.73289151399989,5,0.806532325611137
0.73289151399989,6,0.592944146750626
0.73289151399989,7,0.917173265222233
0.73289151399989,8,0.288672573778518
0.73289151399989,9,0.780294731921096
0.73289151399989,10,0.651452480377668
0.73289151399989,11,0.862836155512318
0.73289151399989,12,0.449729712161556
0.73289151399989,13,0.940397013010432
0.73289151399989,14,0.21299178953966
0.73289151399989,15,0.636979891087742
0.73289151399989,16,0.878698735862843
0.73289151399989,17,0.405031616332362
0.73289151399989,18,0.915727823193514
0.73289151399989,19,0.293247432686573
0.73289151399989,20,0.787562828455366
0.743893862285988,1,0.723959978969049
0.743893862285988,2,0.759399325716696
0.743893862285988,3,0.694305561307349
0.743893862285988,4,0.806532325611137
0.743893862285988,5,0.592944146750626
0.743893862285988,6,0.917173265222233
0.743893862285988,7,0.288672573778518
0.743893862285988,8,0.780294731921096
0.743893862285988,9,0.651452480377668
0.743893862285988,10,0.862836155512318
0.743893862285988,11,0.449729712161556
0.743893862285988,12,0.940397013010432
0.743893862285988,13,0.21299178953966
0.743893862285988,14,0.636979891087742
0.743893862285988,15,0.878698735862843
0.743893862285988,16,0.405031616332362
0.743893862285988,17,0.915727823193514
0.743893862285988,18,0.293247432686573
0.743893862285988,19,0.787562828455366
0.743893862285988,20,0.635768954824849
0.723959978969049,1,0.759399325716696
0.723959978969049,2,0.694305561307349
0.723959978969049,3,0.806532325611137
0.723959978969049,4,0.592944146750626
0.723959978969049,5,0.917173265222233
0.723959978969049,6,0.288672573778518
0.723959978969049,7,0.780294731921096
0.723959978969049,8,0.651452480377668
0.723959978969049,9,0.862836155512318
0.723959978969049,10,0.449729712161556
0.723959978969049,11,0.940397013010432
0.723959978969049,12,0.21299178953966
0.723959978969049,13,0.636979891087742
0.723959978969049,14,0.878698735862843
0.723959978969049,15,0.405031616332362
0.723959978969049,16,0.915727823193514
0.723959978969049,17,0.293247432686573
0.723959978969049,18,0.787562828455366
0.723959978969049,19,0.635768954824849
0.723959978969049,20,0.879953805441919
0.759399325716696,1,0.694305561307349
0.759399325716696,2,0.806532325611137
0.759399325716696,3,0.592944146750626
0.759399325716696,4,0.917173265222233
0.759399325716696,5,0.288672573778518
0.759399325716696,6,0.780294731921096
0.759399325716696,7,0.651452480377668
0.759399325716696,8,0.862836155512318
0.759399325716696,9,0.449729712161556
0.759399325716696,10,0.940397013010432
0.759399325716696,11,0.21299178953966
0.759399325716696,12,0.636979891087742
0.759399325716696,13,0.878698735862843
0.759399325716696,14,0.405031616332362
0.759399325716696,15,0.915727823193514
0.759399325716696,16,0.293247432686573
0.759399325716696,17,0.787562828455366
0.759399325716696,18,0.635768954824849
0.759399325716696,19,0.879953805441919
0.759399325716696,20,0.401413401774776
0.694305561307349,1,0.806532325611137
0.694305561307349,2,0.592944146750626
0.694305561307349,3,0.917173265222233
0.694305561307349,4,0.288672573778518
0.694305561307349,5,0.780294731921096
0.694305561307349,6,0.651452480377668
0.694305561307349,7,0.862836155512318
0.694305561307349,8,0.449729712161556
0.694305561307349,9,0.940397013010432
0.694305561307349,10,0.21299178953966
0.694305561307349,11,0.636979891087742
0.694305561307349,12,0.878698735862843
0.694305561307349,13,0.405031616332362
0.694305561307349,14,0.915727823193514
0.694305561307349,15,0.293247432686573
0.694305561307349,16,0.787562828455366
0.694305561307349,17,0.635768954824849
0.694305561307349,18,0.879953805441919
0.694305561307349,19,0.401413401774776
0.694305561307349,20,0.913066594071437
0.806532325611137,1,0.592944146750626
0.806532325611137,2,0.917173265222233
0.806532325611137,3,0.288672573778518
0.806532325611137,4,0.780294731921096
0.806532325611137,5,0.651452480377668
0.806532325611137,6,0.862836155512318
0.806532325611137,7,0.449729712161556
0.806532325611137,8,0.940397013010432
0.806532325611137,9,0.21299178953966
0.806532325611137,10,0.636979891087742
0.806532325611137,11,0.878698735862843
0.806532325611137,12,0.405031616332362
0.806532325611137,13,0.915727823193514
0.806532325611137,14,0.293247432686573
0.806532325611137,15,0.787562828455366
0.806532325611137,16,0.635768954824849
0.806532325611137,17,0.879953805441919
0.806532325611137,18,0.401413401774776
0.806532325611137,19,0.913066594071437
0.806532325611137,20,0.301628757676446
0.592944146750626,1,0.917173265222233
0.592944146750626,2,0.288672573778518
0.592944146750626,3,0.780294731921096
0.592944146750626,4,0.651452480377668
0.592944146750626,5,0.862836155512318
0.592944146750626,6,0.449729712161556
0.592944146750626,7,0.940397013010432
0.592944146750626,8,0.21299178953966
0.592944146750626,9,0.636979891087742
0.592944146750626,10,0.878698735862843
0.592944146750626,11,0.405031616332362
0.592944146750626,12,0.915727823193514
0.592944146750626,13,0.293247432686573
0.592944146750626,14,0.787562828455366
0.592944146750626,15,0.635768954824849
0.592944146750626,16,0.879953805441919
0.592944146750626,17,0.401413401774776
0.592944146750626,18,0.913066594071437
0.592944146750626,19,0.301628757676446
0.592944146750626,20,0.800465630832237
0.917173265222233,1,0.288672573778518
0.917173265222233,2,0.780294731921096
0.917173265222233,3,0.651452480377668
0.917173265222233,4,0.862836155512318
0.917173265222233,5,0.449729712161556
0.917173265222233,6,0.940397013010432
0.917173265222233,7,0.21299178953966
0.917173265222233,8,0.636979891087742
0.917173265222233,9,0.878698735862843
0.917173265222233,10,0.405031616332362
0.917173265222233,11,0.915727823193514
0.917173265222233,12,0.293247432686573
0.917173265222233,13,0.787562828455366
0.917173265222233,14,0.635768954824849
0.917173265222233,15,0.879953805441919
0.917173265222233,16,0.401413401774776
0.917173265222233,17,0.913066594071437
0.917173265222233,18,0.301628757676446
0.917173265222233,19,0.800465630832237
0.917173265222233,20,0.606937537816626
0.288672573778518,1,0.780294731921096
0.288672573778518,2,0.651452480377668
0.288672573778518,3,0.862836155512318
0.288672573778518,4,0.449729712161556
0.288672573778518,5,0.940397013010432
0.288672573778518,6,0.21299178953966
0.288672573778518,7,0.636979891087742
0.288672573778518,8,0.878698735862843
0.288672573778518,9,0.405031616332362
0.288672573778518,10,0.915727823193514
0.288672573778518,11,0.293247432686573
0.288672573778518,12,0.787562828455366
0.288672573778518,13,0.635768954824849
0.288672573778518,14,0.879953805441919
0.288672573778518,15,0.401413401774776
0.288672573778518,16,0.913066594071437
0.288672573778518,17,0.301628757676446
0.288672573778518,18,0.800465630832237
0.288672573778518,19,0.606937537816626
0.288672573778518,20,0.906544579421727
0.780294731921096,1,0.651452480377668
0.780294731921096,2,0.862836155512318
0.780294731921096,3,0.449729712161556
0.780294731921096,4,0.940397013010432
0.780294731921096,5,0.21299178953966
0.780294731921096,6,0.636979891087742
0.780294731921096,7,0.878698735862843
0.780294731921096,8,0.405031616332362
0.780294731921096,9,0.915727823193514
0.780294731921096,10,0.293247432686573
0.780294731921096,11,0.787562828455366
0.780294731921096,12,0.635768954824849
0.780294731921096,13,0.879953805441919
0.780294731921096,14,0.401413401774776
0.780294731921096,15,0.913066594071437
0.780294731921096,16,0.301628757676446
0.780294731921096,17,0.800465630832237
0.780294731921096,18,0.606937537816626
0.780294731921096,19,0.906544579421727
0.780294731921096,20,0.321941718782682
0.651452480377668,1,0.862836155512318
0.651452480377668,2,0.449729712161556
0.651452480377668,3,0.940397013010432
0.651452480377668,4,0.21299178953966
0.651452480377668,5,0.636979891087742
0.651452480377668,6,0.878698735862843
0.651452480377668,7,0.405031616332362
0.651452480377668,8,0.915727823193514
0.651452480377668,9,0.293247432686573
0.651452480377668,10,0.787562828455366
0.651452480377668,11,0.635768954824849
0.651452480377668,12,0.879953805441919
0.651452480377668,13,0.401413401774776
0.651452480377668,14,0.913066594071437
0.651452480377668,15,0.301628757676446
0.651452480377668,16,0.800465630832237
0.651452480377668,17,0.606937537816626
0.651452480377668,18,0.906544579421727
0.651452480377668,19,0.321941718782682
0.651452480377668,20,0.829521944261751
0.862836155512318,1,0.449729712161556
0.862836155512318,2,0.940397013010432
0.862836155512318,3,0.21299178953966
0.862836155512318,4,0.636979891087742
0.862836155512318,5,0.878698735862843
0.862836155512318,6,0.405031616332362
0.862836155512318,7,0.915727823193514
0.862836155512318,8,0.293247432686573
0.862836155512318,9,0.787562828455366
0.862836155512318,10,0.635768954824849
0.862836155512318,11,0.879953805441919
0.862836155512318,12,0.401413401774776
0.862836155512318,13,0.913066594071437
0.862836155512318,14,0.301628757676446
0.862836155512318,15,0.800465630832237
0.862836155512318,16,0.606937537816626
0.862836155512318,17,0.906544579421727
0.862836155512318,18,0.321941718782682
0.862836155512318,19,0.829521944261751
0.862836155512318,20,0.537378095349831
0.449729712161556,1,0.940397013010432
0.449729712161556,2,0.21299178953966
0.449729712161556,3,0.636979891087742
0.449729712161556,4,0.878698735862843
0.449729712161556,5,0.405031616332362
0.449729712161556,6,0.915727823193514
0.449729712161556,7,0.293247432686573
0.449729712161556,8,0.787562828455366
0.449729712161556,9,0.635768954824849
0.449729712161556,10,0.879953805441919
0.449729712161556,11,0.401413401774776
0.449729712161556,12,0.913066594071437
0.449729712161556,13,0.301628757676446
0.449729712161556,14,0.800465630832237
0.449729712161556,15,0.606937537816626
0.449729712161556,16,0.906544579421727
0.449729712161556,17,0.321941718782682
0.449729712161556,18,0.829521944261751
0.449729712161556,19,0.537378095349831
0.449729712161556,20,0.944690936354472
0.940397013010432,1,0.21299178953966
0.940397013010432,2,0.636979891087742
0.940397013010432,3,0.878698735862843
0.940397013010432,4,0.405031616332362
0.940397013010432,5,0.915727823193514
0.940397013010432,6,0.293247432686573
0.940397013010432,7,0.787562828455366
0.940397013010432,8,0.635768954824849
0.940397013010432,9,0.879953805441919
0.940397013010432,10,0.401413401774776
0.940397013010432,11,0.913066594071437
0.940397013010432,12,0.301628757676446
0.940397013010432,13,0.800465630832237
0.940397013010432,14,0.606937537816626
0.940397013010432,15,0.906544579421727
0.940397013010432,16,0.321941718782682
0.940397013010432,17,0.829521944261751
0.940397013010432,18,0.537378095349831
0.940397013010432,19,0.944690936354472
0.940397013010432,20,0.198549890271895
0.21299178953966,1,0.636979891087742
0.21299178953966,2,0.878698735862843
0.21299178953966,3,0.405031616332362
0.21299178953966,4,0.915727823193514
0.21299178953966,5,0.293247432686573
0.21299178953966,6,0.787562828455366
0.21299178953966,7,0.635768954824849
0.21299178953966,8,0.879953805441919
0.21299178953966,9,0.401413401774776
0.21299178953966,10,0.913066594071437
0.21299178953966,11,0.301628757676446
0.21299178953966,12,0.800465630832237
0.21299178953966,13,0.606937537816626
0.21299178953966,14,0.906544579421727
0.21299178953966,15,0.321941718782682
0.21299178953966,16,0.829521944261751
0.21299178953966,17,0.537378095349831
0.21299178953966,18,0.944690936354472
0.21299178953966,19,0.198549890271895
0.21299178953966,20,0.604685759110671
0.636979891087742,1,0.878698735862843
0.636979891087742,2,0.405031616332362
0.636979891087742,3,0.915727823193514
0.636979891087742,4,0.293247432686573
0.636979891087742,5,0.787562828455366
0.636979891087742,6,0.635768954824849
0.636979891087742,7,0.879953805441919
0.636979891087742,8,0.401413401774776
0.636979891087742,9,0.913066594071437
0.636979891087742,10,0.301628757676446
0.636979891087742,11,0.800465630832237
0.636979891087742,12,0.606937537816626
0.636979891087742,13,0.906544579421727
0.636979891087742,14,0.321941718782682
0.636979891087742,15,0.829521944261751
0.636979891087742,16,0.537378095349831
0.636979891087742,17,0.944690936354472
0.636979891087742,18,0.198549890271895
0.636979891087742,19,0.604685759110671
0.636979891087742,20,0.908355388989806
0.878698735862843,1,0.405031616332362
0.878698735862843,2,0.915727823193514
0.878698735862843,3,0.293247432686573
0.878698735862843,4,0.787562828455366
0.878698735862843,5,0.635768954824849
0.878698735862843,6,0.879953805441919
0.878698735862843,7,0.401413401774776
0.878698735862843,8,0.913066594071437
0.878698735862843,9,0.301628757676446
0.878698735862843,10,0.800465630832237
0.878698735862843,11,0.606937537816626
0.878698735862843,12,0.906544579421727
0.878698735862843,13,0.321941718782682
0.878698735862843,14,0.829521944261751
0.878698735862843,15,0.537378095349831
0.878698735862843,16,0.944690936354472
0.878698735862843,17,0.198549890271895
0.878698735862843,18,0.604685759110671
0.878698735862843,19,0.908355388989806
0.878698735862843,20,0.31633432987534
0.405031616332362,1,0.915727823193514
0.405031616332362,2,0.293247432686573
0.405031616332362,3,0.787562828455366
0.405031616332362,4,0.635768954824849
0.405031616332362,5,0.879953805441919
0.405031616332362,6,0.401413401774776
0.405031616332362,7,0.913066594071437
0.405031616332362,8,0.301628757676446
0.405031616332362,9,0.800465630832237
0.405031616332362,10,0.606937537816626
0.405031616332362,11,0.906544579421727
0.405031616332362,12,0.321941718782682
0.405031616332362,13,0.829521944261751
0.405031616332362,14,0.537378095349831
0.405031616332362,15,0.944690936354472
0.405031616332362,16,0.198549890271895
0.405031616332362,17,0.604685759110671
0.405031616332362,18,0.908355388989806
0.405031616332362,19,0.31633432987534
0.405031616332362,20,0.821814302147106
0.915727823193514,1,0.293247432686573
0.915727823193514,2,0.787562828455366
0.915727823193514,3,0.635768954824849
0.915727823193514,4,0.879953805441919
0.915727823193514,5,0.401413401774776
0.915727823193514,6,0.913066594071437
0.915727823193514,7,0.301628757676446
0.915727823193514,8,0.800465630832237
0.915727823193514,9,0.606937537816626
0.915727823193514,10,0.906544579421727
0.915727823193514,11,0.321941718782682
0.915727823193514,12,0.829521944261751
0.915727823193514,13,0.537378095349831
0.915727823193514,14,0.944690936354472
0.915727823193514,15,0.198549890271895
0.915727823193514,16,0.604685759110671
0.915727823193514,17,0.908355388989806
0.915727823193514,18,0.31633432987534
0.915727823193514,19,0.821814302147106
0.915727823193514,20,0.55645510874757
